-- MySQL dump 10.13  Distrib 8.0.45, for Win64 (x86_64)
--
-- Host: 127.0.0.1    Database: ap_db
-- ------------------------------------------------------
-- Server version	8.0.45

/*!40101 SET @OLD_CHARACTER_SET_CLIENT=@@CHARACTER_SET_CLIENT */;
/*!40101 SET @OLD_CHARACTER_SET_RESULTS=@@CHARACTER_SET_RESULTS */;
/*!40101 SET @OLD_COLLATION_CONNECTION=@@COLLATION_CONNECTION */;
/*!50503 SET NAMES utf8 */;
/*!40103 SET @OLD_TIME_ZONE=@@TIME_ZONE */;
/*!40103 SET TIME_ZONE='+00:00' */;
/*!40014 SET @OLD_UNIQUE_CHECKS=@@UNIQUE_CHECKS, UNIQUE_CHECKS=0 */;
/*!40014 SET @OLD_FOREIGN_KEY_CHECKS=@@FOREIGN_KEY_CHECKS, FOREIGN_KEY_CHECKS=0 */;
/*!40101 SET @OLD_SQL_MODE=@@SQL_MODE, SQL_MODE='NO_AUTO_VALUE_ON_ZERO' */;
/*!40111 SET @OLD_SQL_NOTES=@@SQL_NOTES, SQL_NOTES=0 */;

--
-- Table structure for table `attendance`
--

DROP TABLE IF EXISTS `attendance`;
/*!40101 SET @saved_cs_client     = @@character_set_client */;
/*!50503 SET character_set_client = utf8mb4 */;
CREATE TABLE `attendance` (
  `id` bigint NOT NULL AUTO_INCREMENT,
  `entry_id` varchar(64) DEFAULT NULL,
  `student_code` varchar(64) NOT NULL,
  `student_name` varchar(255) NOT NULL,
  `date` date NOT NULL,
  `status` varchar(32) NOT NULL,
  `created_at` timestamp NULL DEFAULT CURRENT_TIMESTAMP,
  `owner_id` bigint DEFAULT NULL,
  PRIMARY KEY (`id`),
  UNIQUE KEY `idx_student_date` (`student_code`,`date`),
  UNIQUE KEY `entry_id` (`entry_id`)
) ENGINE=InnoDB AUTO_INCREMENT=246 DEFAULT CHARSET=utf8mb4 COLLATE=utf8mb4_0900_ai_ci;
/*!40101 SET character_set_client = @saved_cs_client */;

--
-- Dumping data for table `attendance`
--

LOCK TABLES `attendance` WRITE;
/*!40000 ALTER TABLE `attendance` DISABLE KEYS */;
INSERT INTO `attendance` VALUES (2,'AT0002','STUD004','Sneha Iyer','2026-04-19','Present','2026-04-19 12:09:27',NULL),(3,'AT0003','STUD003','Arjun Patel','2026-04-19','Present','2026-04-19 12:09:27',NULL),(4,'AT0004','STUD002','Ananya Reddy','2026-04-19','Present','2026-04-19 12:09:28',NULL),(5,'AT0005','STUD001','rahul sharma','2026-04-19','Present','2026-04-19 12:09:28',NULL),(27,'AT0027','STUD001','rahul sharma','2026-04-01','Present','2026-04-19 12:30:39',NULL),(28,'AT0028','STUD002','Ananya Reddy','2026-04-01','Present','2026-04-19 12:30:39',NULL),(29,'AT0029','STUD003','Arjun Patel','2026-04-01','Present','2026-04-19 12:30:39',NULL),(30,'AT0030','STUD004','Sneha Iyer','2026-04-01','Present','2026-04-19 12:30:39',NULL),(31,'AT0031','STUD001','rahul sharma','2026-04-02','Present','2026-04-19 12:30:39',NULL),(32,'AT0032','STUD002','Ananya Reddy','2026-04-02','Present','2026-04-19 12:30:39',NULL),(33,'AT0033','STUD003','Arjun Patel','2026-04-02','Present','2026-04-19 12:30:39',NULL),(34,'AT0034','STUD004','Sneha Iyer','2026-04-02','Present','2026-04-19 12:30:39',NULL),(35,'AT0035','STUD001','rahul sharma','2026-04-03','Present','2026-04-19 12:30:39',NULL),(36,'AT0036','STUD002','Ananya Reddy','2026-04-03','Present','2026-04-19 12:30:39',NULL),(37,'AT0037','STUD003','Arjun Patel','2026-04-03','Present','2026-04-19 12:30:39',NULL),(38,'AT0038','STUD004','Sneha Iyer','2026-04-03','Present','2026-04-19 12:30:40',NULL),(39,'AT0039','STUD001','rahul sharma','2026-04-04','Present','2026-04-19 12:30:40',NULL),(40,'AT0040','STUD002','Ananya Reddy','2026-04-04','Present','2026-04-19 12:30:40',NULL),(41,'AT0041','STUD003','Arjun Patel','2026-04-04','Present','2026-04-19 12:30:40',NULL),(42,'AT0042','STUD004','Sneha Iyer','2026-04-04','Present','2026-04-19 12:30:40',NULL),(43,'AT0043','STUD001','rahul sharma','2026-04-06','Present','2026-04-19 12:30:40',NULL),(44,'AT0044','STUD002','Ananya Reddy','2026-04-06','Present','2026-04-19 12:30:40',NULL),(45,'AT0045','STUD003','Arjun Patel','2026-04-06','Present','2026-04-19 12:30:40',NULL),(46,'AT0046','STUD004','Sneha Iyer','2026-04-06','Present','2026-04-19 12:30:40',NULL),(47,'AT0047','STUD001','rahul sharma','2026-04-07','Present','2026-04-19 12:30:40',NULL),(48,'AT0048','STUD002','Ananya Reddy','2026-04-07','Present','2026-04-19 12:30:40',NULL),(49,'AT0049','STUD003','Arjun Patel','2026-04-07','Present','2026-04-19 12:30:40',NULL),(50,'AT0050','STUD004','Sneha Iyer','2026-04-07','Present','2026-04-19 12:30:40',NULL),(51,'AT0051','STUD001','rahul sharma','2026-04-08','Present','2026-04-19 12:30:40',NULL),(52,'AT0052','STUD002','Ananya Reddy','2026-04-08','Present','2026-04-19 12:30:40',NULL),(53,'AT0053','STUD003','Arjun Patel','2026-04-08','Present','2026-04-19 12:30:40',NULL),(54,'AT0054','STUD004','Sneha Iyer','2026-04-08','Present','2026-04-19 12:30:40',NULL),(55,'AT0055','STUD001','rahul sharma','2026-04-09','Present','2026-04-19 12:30:41',NULL),(56,'AT0056','STUD002','Ananya Reddy','2026-04-09','Present','2026-04-19 12:30:41',NULL),(57,'AT0057','STUD003','Arjun Patel','2026-04-09','Present','2026-04-19 12:30:41',NULL),(58,'AT0058','STUD004','Sneha Iyer','2026-04-09','Present','2026-04-19 12:30:41',NULL),(59,'AT0059','STUD001','rahul sharma','2026-04-10','Present','2026-04-19 12:30:41',NULL),(60,'AT0060','STUD002','Ananya Reddy','2026-04-10','Present','2026-04-19 12:30:41',NULL),(61,'AT0061','STUD003','Arjun Patel','2026-04-10','Present','2026-04-19 12:30:41',NULL),(62,'AT0062','STUD004','Sneha Iyer','2026-04-10','Present','2026-04-19 12:30:41',NULL),(63,'AT0063','STUD001','rahul sharma','2026-04-11','Present','2026-04-19 12:30:41',NULL),(64,'AT0064','STUD002','Ananya Reddy','2026-04-11','Present','2026-04-19 12:30:41',NULL),(65,'AT0065','STUD003','Arjun Patel','2026-04-11','Present','2026-04-19 12:30:41',NULL),(66,'AT0066','STUD004','Sneha Iyer','2026-04-11','Present','2026-04-19 12:30:41',NULL),(67,'AT0067','STUD001','rahul sharma','2026-04-13','Present','2026-04-19 12:30:41',NULL),(68,'AT0068','STUD002','Ananya Reddy','2026-04-13','Present','2026-04-19 12:30:41',NULL),(69,'AT0069','STUD003','Arjun Patel','2026-04-13','Present','2026-04-19 12:30:41',NULL),(70,'AT0070','STUD004','Sneha Iyer','2026-04-13','Present','2026-04-19 12:30:41',NULL),(71,'AT0071','STUD001','rahul sharma','2026-04-14','Present','2026-04-19 12:30:42',NULL),(72,'AT0072','STUD002','Ananya Reddy','2026-04-14','Present','2026-04-19 12:30:42',NULL),(73,'AT0073','STUD003','Arjun Patel','2026-04-14','Present','2026-04-19 12:30:42',NULL),(74,'AT0074','STUD004','Sneha Iyer','2026-04-14','Present','2026-04-19 12:30:42',NULL),(75,'AT0075','STUD001','rahul sharma','2026-04-15','Present','2026-04-19 12:30:42',NULL),(76,'AT0076','STUD002','Ananya Reddy','2026-04-15','Present','2026-04-19 12:30:42',NULL),(77,'AT0077','STUD003','Arjun Patel','2026-04-15','Present','2026-04-19 12:30:42',NULL),(78,'AT0078','STUD004','Sneha Iyer','2026-04-15','Present','2026-04-19 12:30:42',NULL),(79,'AT0079','STUD001','rahul sharma','2026-04-16','Present','2026-04-19 12:30:42',NULL),(80,'AT0080','STUD002','Ananya Reddy','2026-04-16','Present','2026-04-19 12:30:42',NULL),(81,'AT0081','STUD003','Arjun Patel','2026-04-16','Present','2026-04-19 12:30:42',NULL),(82,'AT0082','STUD004','Sneha Iyer','2026-04-16','Present','2026-04-19 12:30:42',NULL),(83,'AT0083','STUD001','rahul sharma','2026-04-17','Present','2026-04-19 12:30:42',NULL),(84,'AT0084','STUD002','Ananya Reddy','2026-04-17','Present','2026-04-19 12:30:42',NULL),(85,'AT0085','STUD003','Arjun Patel','2026-04-17','Present','2026-04-19 12:30:42',NULL),(86,'AT0086','STUD004','Sneha Iyer','2026-04-17','Present','2026-04-19 12:30:43',NULL),(87,'AT0087','STUD001','rahul sharma','2026-04-18','Present','2026-04-19 12:30:43',NULL),(88,'AT0088','STUD002','Ananya Reddy','2026-04-18','Present','2026-04-19 12:30:43',NULL),(89,'AT0089','STUD003','Arjun Patel','2026-04-18','Present','2026-04-19 12:30:43',NULL),(90,'AT0090','STUD004','Sneha Iyer','2026-04-18','Present','2026-04-19 12:30:43',NULL),(91,'AT0091','STUD004','Sneha Iyer','2026-04-20','Not Marked','2026-04-19 13:11:02',NULL),(92,'AT0092','STUD003','Arjun Patel','2026-04-20','Not Marked','2026-04-19 13:11:02',NULL),(93,'AT0093','STUD002','Ananya Reddy','2026-04-20','Not Marked','2026-04-19 13:11:02',NULL),(94,'AT0094','STUD001','rahul sharma','2026-04-20','Not Marked','2026-04-19 13:11:02',NULL),(95,'AT0095','STUD005','Sanket Hosure','2026-04-21','Not Marked','2026-04-22 13:51:27',NULL),(96,'AT0096','STUD004','Sneha Iyer','2026-04-21','Not Marked','2026-04-22 13:51:27',NULL),(97,'AT0097','STUD003','Arjun Patel','2026-04-21','Not Marked','2026-04-22 13:51:27',NULL),(98,'AT0098','STUD002','Ananya Reddy','2026-04-21','Not Marked','2026-04-22 13:51:28',NULL),(99,'AT0099','STUD001','Rahul Sharma','2026-04-21','Not Marked','2026-04-22 13:51:28',NULL),(100,'AT0100','STUD005','Sanket Hosure','2026-04-22','Present','2026-04-22 13:51:46',NULL),(101,'AT0101','STUD004','Sneha Iyer','2026-04-22','Absent','2026-04-22 13:51:46',NULL),(102,'AT0102','STUD003','Arjun Patel','2026-04-22','Present','2026-04-22 13:51:46',NULL),(103,'AT0103','STUD002','Ananya Reddy','2026-04-22','Present','2026-04-22 13:51:46',NULL),(104,'AT0104','STUD001','Rahul Sharma','2026-04-22','Present','2026-04-22 13:51:46',NULL),(105,'AT0105','STUD006','Krishna Desai','2026-04-22','Present','2026-04-22 13:58:35',NULL),(106,'AT0106','STUD007','Aarav Desai','2026-04-22','Present','2026-04-22 13:58:35',NULL),(107,'AT0107','STUD008','Sai Joshi','2026-04-22','Present','2026-04-22 13:58:35',NULL),(108,'AT0108','STUD009','Shaurya Patel','2026-04-22','Present','2026-04-22 13:58:35',NULL),(109,'AT0109','STUD010','Krishna Reddy','2026-04-22','Present','2026-04-22 13:58:35',NULL),(110,'AT0110','STUD011','Ayaan Joshi','2026-04-22','Absent','2026-04-22 13:58:35',NULL),(111,'AT0111','STUD012','Ayaan Reddy','2026-04-22','Present','2026-04-22 13:58:35',NULL),(112,'AT0112','STUD013','Vihaan Verma','2026-04-22','Present','2026-04-22 13:58:36',NULL),(114,'AT0114','STUD014','Arjun Kumar','2026-04-22','Present','2026-04-22 13:58:36',NULL),(115,'AT0115','STUD015','Reyansh Desai','2026-04-22','Present','2026-04-22 13:58:36',NULL),(116,'AT0116','STUD016','Ananya Desai','2026-04-22','Absent','2026-04-22 13:58:36',NULL),(117,'AT0117','STUD017','Avni Verma','2026-04-22','Absent','2026-04-22 13:58:36',NULL),(118,'AT0118','STUD018','Avni Kumar','2026-04-22','Present','2026-04-22 13:58:36',NULL),(119,'AT0119','STUD019','Pari Patel','2026-04-22','Present','2026-04-22 13:58:36',NULL),(120,'AT0120','STUD020','Prisha Sharma','2026-04-22','Present','2026-04-22 13:58:36',NULL),(121,'AT0121','STUD021','Prisha Desai','2026-04-22','Present','2026-04-22 13:58:36',NULL),(122,'AT0122','STUD022','Ananya Singh','2026-04-22','Present','2026-04-22 13:58:37',NULL),(123,'AT0123','STUD023','Navya Rao','2026-04-22','Present','2026-04-22 13:58:37',NULL),(124,'AT0124','STUD024','Diya Singh','2026-04-22','Present','2026-04-22 13:58:37',NULL),(125,'AT0125','STUD025','Kavya Rao','2026-04-22','Present','2026-04-22 13:58:37',NULL),(126,'AT0126','STUD001','Rahul Sharma','2026-04-23','Absent','2026-04-23 05:20:16',NULL),(127,'AT0127','STUD002','Ananya Reddy','2026-04-23','Absent','2026-04-23 05:20:16',NULL),(128,'AT0128','STUD003','Arjun Patel','2026-04-23','Present','2026-04-23 05:20:17',NULL),(129,'AT0129','STUD004','Sneha Iyer','2026-04-23','Present','2026-04-23 05:20:17',NULL),(130,'AT0130','STUD005','Sanket Hosure','2026-04-23','Present','2026-04-23 05:20:17',NULL),(131,'AT0131','STUD006','Krishna Desai','2026-04-23','Present','2026-04-23 05:20:17',NULL),(132,'AT0132','STUD007','Aarav Desai','2026-04-23','Present','2026-04-23 05:20:17',NULL),(133,'AT0133','STUD008','Sai Joshi','2026-04-23','Present','2026-04-23 05:20:17',NULL),(134,'AT0134','STUD009','Shaurya Patel','2026-04-23','Absent','2026-04-23 05:20:17',NULL),(135,'AT0135','STUD010','Krishna Reddy','2026-04-23','Not Marked','2026-04-23 05:20:17',NULL),(136,'AT0136','STUD011','Ayaan Joshi','2026-04-23','Absent','2026-04-23 05:20:17',NULL),(137,'AT0137','STUD012','Ayaan Reddy','2026-04-23','Present','2026-04-23 05:20:18',NULL),(138,'AT0138','STUD013','Vihaan Verma','2026-04-23','Absent','2026-04-23 05:20:18',NULL),(139,'AT0139','STUD014','Arjun Kumar','2026-04-23','Present','2026-04-23 05:20:18',NULL),(140,'AT0140','STUD015','Reyansh Desai','2026-04-23','Not Marked','2026-04-23 05:20:18',NULL),(141,'AT0141','STUD016','Ananya Desai','2026-04-23','Not Marked','2026-04-23 05:20:18',NULL),(142,'AT0142','STUD017','Avni Verma','2026-04-23','Not Marked','2026-04-23 05:20:18',NULL),(143,'AT0143','STUD018','Avni Kumar','2026-04-23','Not Marked','2026-04-23 05:20:18',NULL),(144,'AT0144','STUD019','Pari Patel','2026-04-23','Not Marked','2026-04-23 05:20:18',NULL),(145,'AT0145','STUD020','Prisha Sharma','2026-04-23','Not Marked','2026-04-23 05:20:18',NULL),(146,'AT0146','STUD021','Prisha Desai','2026-04-23','Present','2026-04-23 05:20:19',NULL),(147,'AT0147','STUD022','Ananya Singh','2026-04-23','Not Marked','2026-04-23 05:20:19',NULL),(148,'AT0148','STUD023','Navya Rao','2026-04-23','Not Marked','2026-04-23 05:20:19',NULL),(149,'AT0149','STUD024','Diya Singh','2026-04-23','Not Marked','2026-04-23 05:20:19',NULL),(150,'AT0150','STUD025','Kavya Rao','2026-04-23','Not Marked','2026-04-23 05:20:19',NULL),(151,'AT0151','STUD005','Sanket Hosure','2026-04-02','Not Marked','2026-04-23 08:10:12',NULL),(152,'AT0152','STUD006','Krishna Desai','2026-04-02','Not Marked','2026-04-23 08:10:12',NULL),(153,'AT0153','STUD007','Aarav Desai','2026-04-02','Not Marked','2026-04-23 08:10:12',NULL),(154,'AT0154','STUD008','Sai Joshi','2026-04-02','Not Marked','2026-04-23 08:10:12',NULL),(155,'AT0155','STUD009','Shaurya Patel','2026-04-02','Not Marked','2026-04-23 08:10:12',NULL),(156,'AT0156','STUD010','Krishna Reddy','2026-04-02','Not Marked','2026-04-23 08:10:12',NULL),(157,'AT0157','STUD011','Ayaan Joshi','2026-04-02','Not Marked','2026-04-23 08:10:12',NULL),(158,'AT0158','STUD012','Ayaan Reddy','2026-04-02','Not Marked','2026-04-23 08:10:12',NULL),(159,'AT0159','STUD013','Vihaan Verma','2026-04-02','Not Marked','2026-04-23 08:10:13',NULL),(160,'AT0160','STUD014','Arjun Kumar','2026-04-02','Not Marked','2026-04-23 08:10:13',NULL),(161,'AT0161','STUD015','Reyansh Desai','2026-04-02','Not Marked','2026-04-23 08:10:13',NULL),(162,'AT0162','STUD016','Ananya Desai','2026-04-02','Not Marked','2026-04-23 08:10:13',NULL),(163,'AT0163','STUD017','Avni Verma','2026-04-02','Not Marked','2026-04-23 08:10:13',NULL),(164,'AT0164','STUD018','Avni Kumar','2026-04-02','Not Marked','2026-04-23 08:10:13',NULL),(165,'AT0165','STUD019','Pari Patel','2026-04-02','Not Marked','2026-04-23 08:10:13',NULL),(166,'AT0166','STUD020','Prisha Sharma','2026-04-02','Not Marked','2026-04-23 08:10:13',NULL),(167,'AT0167','STUD021','Prisha Desai','2026-04-02','Not Marked','2026-04-23 08:10:13',NULL),(168,'AT0168','STUD022','Ananya Singh','2026-04-02','Not Marked','2026-04-23 08:10:13',NULL),(169,'AT0169','STUD023','Navya Rao','2026-04-02','Not Marked','2026-04-23 08:10:13',NULL),(170,'AT0170','STUD024','Diya Singh','2026-04-02','Not Marked','2026-04-23 08:10:13',NULL),(171,'AT0171','STUD025','Kavya Rao','2026-04-02','Not Marked','2026-04-23 08:10:14',NULL),(172,'AT0172','STUD001','Rahul Sharma','2026-04-30','Not Marked','2026-04-23 08:10:35',NULL),(173,'AT0173','STUD002','Ananya Reddy','2026-04-30','Not Marked','2026-04-23 08:10:35',NULL),(174,'AT0174','STUD003','Arjun Patel','2026-04-30','Not Marked','2026-04-23 08:10:35',NULL),(175,'AT0175','STUD004','Sneha Iyer','2026-04-30','Not Marked','2026-04-23 08:10:36',NULL),(176,'AT0176','STUD005','Sanket Hosure','2026-04-30','Not Marked','2026-04-23 08:10:36',NULL),(177,'AT0177','STUD006','Krishna Desai','2026-04-30','Not Marked','2026-04-23 08:10:36',NULL),(178,'AT0178','STUD007','Aarav Desai','2026-04-30','Not Marked','2026-04-23 08:10:36',NULL),(179,'AT0179','STUD008','Sai Joshi','2026-04-30','Not Marked','2026-04-23 08:10:36',NULL),(180,'AT0180','STUD009','Shaurya Patel','2026-04-30','Not Marked','2026-04-23 08:10:36',NULL),(181,'AT0181','STUD010','Krishna Reddy','2026-04-30','Not Marked','2026-04-23 08:10:36',NULL),(182,'AT0182','STUD011','Ayaan Joshi','2026-04-30','Not Marked','2026-04-23 08:10:36',NULL),(183,'AT0183','STUD012','Ayaan Reddy','2026-04-30','Not Marked','2026-04-23 08:10:36',NULL),(184,'AT0184','STUD013','Vihaan Verma','2026-04-30','Not Marked','2026-04-23 08:10:36',NULL),(185,'AT0185','STUD014','Arjun Kumar','2026-04-30','Not Marked','2026-04-23 08:10:36',NULL),(186,'AT0186','STUD015','Reyansh Desai','2026-04-30','Not Marked','2026-04-23 08:10:37',NULL),(187,'AT0187','STUD016','Ananya Desai','2026-04-30','Not Marked','2026-04-23 08:10:37',NULL),(188,'AT0188','STUD017','Avni Verma','2026-04-30','Not Marked','2026-04-23 08:10:37',NULL),(189,'AT0189','STUD018','Avni Kumar','2026-04-30','Not Marked','2026-04-23 08:10:37',NULL),(190,'AT0190','STUD019','Pari Patel','2026-04-30','Not Marked','2026-04-23 08:10:37',NULL),(191,'AT0191','STUD020','Prisha Sharma','2026-04-30','Not Marked','2026-04-23 08:10:37',NULL),(192,'AT0192','STUD021','Prisha Desai','2026-04-30','Not Marked','2026-04-23 08:10:37',NULL),(193,'AT0193','STUD022','Ananya Singh','2026-04-30','Not Marked','2026-04-23 08:10:37',NULL),(194,'AT0194','STUD023','Navya Rao','2026-04-30','Not Marked','2026-04-23 08:10:37',NULL),(195,'AT0195','STUD024','Diya Singh','2026-04-30','Not Marked','2026-04-23 08:10:37',NULL),(196,'AT0196','STUD025','Kavya Rao','2026-04-30','Not Marked','2026-04-23 08:10:38',NULL),(197,'AT0197','STUD001','Rahul Sharma','2026-04-29','Not Marked','2026-04-23 08:10:56',NULL),(198,'AT0198','STUD002','Ananya Reddy','2026-04-29','Not Marked','2026-04-23 08:10:56',NULL),(199,'AT0199','STUD003','Arjun Patel','2026-04-29','Not Marked','2026-04-23 08:10:56',NULL),(200,'AT0200','STUD004','Sneha Iyer','2026-04-29','Not Marked','2026-04-23 08:10:56',NULL),(201,'AT0201','STUD005','Sanket Hosure','2026-04-29','Not Marked','2026-04-23 08:10:56',NULL),(202,'AT0202','STUD006','Krishna Desai','2026-04-29','Not Marked','2026-04-23 08:10:56',NULL),(203,'AT0203','STUD007','Aarav Desai','2026-04-29','Not Marked','2026-04-23 08:10:56',NULL),(204,'AT0204','STUD008','Sai Joshi','2026-04-29','Not Marked','2026-04-23 08:10:56',NULL),(205,'AT0205','STUD009','Shaurya Patel','2026-04-29','Not Marked','2026-04-23 08:10:56',NULL),(206,'AT0206','STUD010','Krishna Reddy','2026-04-29','Not Marked','2026-04-23 08:10:57',NULL),(207,'AT0207','STUD011','Ayaan Joshi','2026-04-29','Not Marked','2026-04-23 08:10:57',NULL),(208,'AT0208','STUD012','Ayaan Reddy','2026-04-29','Not Marked','2026-04-23 08:10:57',NULL),(209,'AT0209','STUD013','Vihaan Verma','2026-04-29','Not Marked','2026-04-23 08:10:57',NULL),(210,'AT0210','STUD014','Arjun Kumar','2026-04-29','Not Marked','2026-04-23 08:10:57',NULL),(211,'AT0211','STUD015','Reyansh Desai','2026-04-29','Not Marked','2026-04-23 08:10:57',NULL),(212,'AT0212','STUD016','Ananya Desai','2026-04-29','Not Marked','2026-04-23 08:10:57',NULL),(213,'AT0213','STUD017','Avni Verma','2026-04-29','Not Marked','2026-04-23 08:10:57',NULL),(214,'AT0214','STUD018','Avni Kumar','2026-04-29','Not Marked','2026-04-23 08:10:57',NULL),(215,'AT0215','STUD019','Pari Patel','2026-04-29','Not Marked','2026-04-23 08:10:57',NULL),(216,'AT0216','STUD020','Prisha Sharma','2026-04-29','Not Marked','2026-04-23 08:10:57',NULL),(217,'AT0217','STUD021','Prisha Desai','2026-04-29','Not Marked','2026-04-23 08:10:57',NULL),(218,'AT0218','STUD022','Ananya Singh','2026-04-29','Not Marked','2026-04-23 08:10:58',NULL),(219,'AT0219','STUD023','Navya Rao','2026-04-29','Not Marked','2026-04-23 08:10:58',NULL),(220,'AT0220','STUD024','Diya Singh','2026-04-29','Not Marked','2026-04-23 08:10:58',NULL),(221,'AT0221','STUD025','Kavya Rao','2026-04-29','Not Marked','2026-04-23 08:10:58',NULL),(222,'AT0222','STUD005','Sanket Hosure','2026-04-01','Not Marked','2026-04-23 08:11:11',NULL),(223,'AT0223','STUD006','Krishna Desai','2026-04-01','Not Marked','2026-04-23 08:11:11',NULL),(224,'AT0224','STUD007','Aarav Desai','2026-04-01','Not Marked','2026-04-23 08:11:11',NULL),(225,'AT0225','STUD008','Sai Joshi','2026-04-01','Not Marked','2026-04-23 08:11:11',NULL),(226,'AT0226','STUD009','Shaurya Patel','2026-04-01','Not Marked','2026-04-23 08:11:11',NULL),(227,'AT0227','STUD010','Krishna Reddy','2026-04-01','Not Marked','2026-04-23 08:11:11',NULL),(228,'AT0228','STUD011','Ayaan Joshi','2026-04-01','Not Marked','2026-04-23 08:11:11',NULL),(229,'AT0229','STUD012','Ayaan Reddy','2026-04-01','Not Marked','2026-04-23 08:11:11',NULL),(230,'AT0230','STUD013','Vihaan Verma','2026-04-01','Not Marked','2026-04-23 08:11:11',NULL),(231,'AT0231','STUD014','Arjun Kumar','2026-04-01','Not Marked','2026-04-23 08:11:12',NULL),(232,'AT0232','STUD015','Reyansh Desai','2026-04-01','Not Marked','2026-04-23 08:11:12',NULL),(233,'AT0233','STUD016','Ananya Desai','2026-04-01','Not Marked','2026-04-23 08:11:12',NULL),(234,'AT0234','STUD017','Avni Verma','2026-04-01','Not Marked','2026-04-23 08:11:12',NULL),(235,'AT0235','STUD018','Avni Kumar','2026-04-01','Not Marked','2026-04-23 08:11:12',NULL),(236,'AT0236','STUD019','Pari Patel','2026-04-01','Not Marked','2026-04-23 08:11:12',NULL),(237,'AT0237','STUD020','Prisha Sharma','2026-04-01','Not Marked','2026-04-23 08:11:12',NULL),(238,'AT0238','STUD021','Prisha Desai','2026-04-01','Not Marked','2026-04-23 08:11:12',NULL),(239,'AT0239','STUD022','Ananya Singh','2026-04-01','Not Marked','2026-04-23 08:11:12',NULL),(240,'AT0240','STUD023','Navya Rao','2026-04-01','Not Marked','2026-04-23 08:11:12',NULL),(241,'AT0241','STUD024','Diya Singh','2026-04-01','Not Marked','2026-04-23 08:11:12',NULL),(242,'AT0242','STUD025','Kavya Rao','2026-04-01','Not Marked','2026-04-23 08:11:12',NULL),(243,'AT0243','STUD0001','bhuvan','2026-04-23','Not Marked','2026-04-23 08:29:32',NULL),(244,'AT0244','STUD0001','bhuvan','2026-04-29','Not Marked','2026-04-29 17:36:27',NULL),(245,'AT0245','STUD999','Unique Student','2026-05-01','Not Marked','2026-05-01 05:48:39',3);
/*!40000 ALTER TABLE `attendance` ENABLE KEYS */;
UNLOCK TABLES;

--
-- Table structure for table `children`
--

DROP TABLE IF EXISTS `children`;
/*!40101 SET @saved_cs_client     = @@character_set_client */;
/*!50503 SET character_set_client = utf8mb4 */;
CREATE TABLE `children` (
  `id` bigint NOT NULL AUTO_INCREMENT,
  `child_code` varchar(64) DEFAULT NULL,
  `name` varchar(255) NOT NULL,
  `mother_id` varchar(128) NOT NULL,
  `age` int NOT NULL,
  `weight` decimal(8,2) NOT NULL,
  `height` decimal(8,2) NOT NULL,
  `bmi` decimal(5,2) NOT NULL,
  `vaccination_status` varchar(64) NOT NULL,
  `created_at` timestamp NULL DEFAULT CURRENT_TIMESTAMP,
  `owner_id` bigint DEFAULT NULL,
  PRIMARY KEY (`id`),
  UNIQUE KEY `child_code` (`child_code`),
  KEY `fk_children_mother` (`mother_id`),
  CONSTRAINT `fk_children_mother` FOREIGN KEY (`mother_id`) REFERENCES `pregnant_women` (`pw_id`) ON DELETE CASCADE
) ENGINE=InnoDB AUTO_INCREMENT=11 DEFAULT CHARSET=utf8mb4 COLLATE=utf8mb4_0900_ai_ci;
/*!40101 SET character_set_client = @saved_cs_client */;

--
-- Dumping data for table `children`
--

LOCK TABLES `children` WRITE;
/*!40000 ALTER TABLE `children` DISABLE KEYS */;
INSERT INTO `children` VALUES (2,'CHILD001','Chintu Babu','PW001',6,3.30,67.80,7.20,'Complete','2026-04-22 13:50:52',NULL),(8,'CHILD002','Binod Khan','PW004',11,4.00,78.00,6.60,'Complete','2026-04-22 16:09:24',NULL),(9,'CHILD123','Test Child','PW999',12,10.00,80.00,15.60,'Complete','2026-05-01 06:02:49',3),(10,'CHILD1100','Sanket Hosure','PW101',12,5.10,78.00,8.40,'Complete','2026-05-03 13:53:41',4);
/*!40000 ALTER TABLE `children` ENABLE KEYS */;
UNLOCK TABLES;

--
-- Table structure for table `pregnant_women`
--

DROP TABLE IF EXISTS `pregnant_women`;
/*!40101 SET @saved_cs_client     = @@character_set_client */;
/*!50503 SET character_set_client = utf8mb4 */;
CREATE TABLE `pregnant_women` (
  `id` bigint NOT NULL AUTO_INCREMENT,
  `pw_id` varchar(64) NOT NULL,
  `name` varchar(255) NOT NULL,
  `age` int NOT NULL,
  `aadhaar` varchar(12) NOT NULL,
  `phone` varchar(10) NOT NULL,
  `address` text NOT NULL,
  `registration_date` date NOT NULL,
  `status` varchar(32) NOT NULL,
  `created_at` timestamp NULL DEFAULT CURRENT_TIMESTAMP,
  `owner_id` bigint DEFAULT NULL,
  PRIMARY KEY (`id`),
  UNIQUE KEY `pw_id` (`pw_id`),
  UNIQUE KEY `aadhaar` (`aadhaar`),
  UNIQUE KEY `phone` (`phone`)
) ENGINE=InnoDB AUTO_INCREMENT=16 DEFAULT CHARSET=utf8mb4 COLLATE=utf8mb4_0900_ai_ci;
/*!40101 SET character_set_client = @saved_cs_client */;

--
-- Dumping data for table `pregnant_women`
--

LOCK TABLES `pregnant_women` WRITE;
/*!40000 ALTER TABLE `pregnant_women` DISABLE KEYS */;
INSERT INTO `pregnant_women` VALUES (1,'PW001','rukmini',27,'123456789121','6222233337','dharwad','2026-04-11','Pending','2026-04-10 07:45:49',NULL),(2,'PW002','Rani Desai',26,'943692772714','9142967339','House 787, Sector 28, City','2023-10-30','Delivered','2026-04-22 14:07:33',NULL),(3,'PW003','Asha Singh',33,'435607163861','9531310205','House 378, Sector 37, City','2023-12-13','Pending','2026-04-22 14:07:33',NULL),(4,'PW004','Asha Sharma',25,'816492347319','9558545402','House 447, Sector 46, City','2023-08-21','Delivered','2026-04-22 14:07:33',NULL),(5,'PW005','Seema Chauhan',18,'955132982932','9610702564','House 845, Sector 3, City','2025-12-14','Pending','2026-04-22 14:07:33',NULL),(6,'PW006','Seema Chauhan',19,'945972125557','9787326031','House 811, Sector 47, City','2025-09-03','Delivered','2026-04-22 14:07:33',NULL),(7,'PW007','Geeta Reddy',18,'119211353364','9957871612','House 959, Sector 46, City','2024-05-13','Delivered','2026-04-22 14:07:33',NULL),(8,'PW008','Geeta Reddy',18,'139394982401','9908001778','House 965, Sector 7, City','2023-12-26','Pending','2026-04-22 14:07:33',NULL),(9,'PW009','rukmini',27,'123456789345','6361962705','dharwad','2026-07-01','Pending','2026-04-23 08:17:08',NULL),(11,'PW999','Jane Doe',25,'123456789012','9876543210','123 Main St','2024-05-01','Delivered','2026-05-01 05:43:27',3),(15,'PW101','Radika',19,'927836716489','9998887787','Haliyal','2026-05-01','Delivered','2026-05-03 13:52:35',4);
/*!40000 ALTER TABLE `pregnant_women` ENABLE KEYS */;
UNLOCK TABLES;

--
-- Table structure for table `ration_adjustments`
--

DROP TABLE IF EXISTS `ration_adjustments`;
/*!40101 SET @saved_cs_client     = @@character_set_client */;
/*!50503 SET character_set_client = utf8mb4 */;
CREATE TABLE `ration_adjustments` (
  `id` bigint NOT NULL AUTO_INCREMENT,
  `item_id` int NOT NULL,
  `quantity` decimal(10,5) NOT NULL,
  `reason` varchar(255) DEFAULT NULL,
  `created_at` timestamp NULL DEFAULT CURRENT_TIMESTAMP,
  `owner_id` bigint DEFAULT NULL,
  PRIMARY KEY (`id`),
  KEY `item_id` (`item_id`),
  CONSTRAINT `ration_adjustments_ibfk_1` FOREIGN KEY (`item_id`) REFERENCES `ration_items` (`id`)
) ENGINE=InnoDB DEFAULT CHARSET=utf8mb4 COLLATE=utf8mb4_0900_ai_ci;
/*!40101 SET character_set_client = @saved_cs_client */;

--
-- Dumping data for table `ration_adjustments`
--

LOCK TABLES `ration_adjustments` WRITE;
/*!40000 ALTER TABLE `ration_adjustments` DISABLE KEYS */;
/*!40000 ALTER TABLE `ration_adjustments` ENABLE KEYS */;
UNLOCK TABLES;

--
-- Table structure for table `ration_distribution_pw`
--

DROP TABLE IF EXISTS `ration_distribution_pw`;
/*!40101 SET @saved_cs_client     = @@character_set_client */;
/*!50503 SET character_set_client = utf8mb4 */;
CREATE TABLE `ration_distribution_pw` (
  `id` bigint NOT NULL AUTO_INCREMENT,
  `pw_id` varchar(64) NOT NULL,
  `item_id` int NOT NULL,
  `quantity` decimal(10,5) NOT NULL,
  `distribution_date` date NOT NULL,
  `remarks` text,
  `created_at` timestamp NULL DEFAULT CURRENT_TIMESTAMP,
  `owner_id` bigint DEFAULT NULL,
  PRIMARY KEY (`id`),
  KEY `pw_id` (`pw_id`),
  KEY `item_id` (`item_id`),
  CONSTRAINT `ration_distribution_pw_ibfk_1` FOREIGN KEY (`pw_id`) REFERENCES `pregnant_women` (`pw_id`),
  CONSTRAINT `ration_distribution_pw_ibfk_2` FOREIGN KEY (`item_id`) REFERENCES `ration_items` (`id`)
) ENGINE=InnoDB AUTO_INCREMENT=3 DEFAULT CHARSET=utf8mb4 COLLATE=utf8mb4_0900_ai_ci;
/*!40101 SET character_set_client = @saved_cs_client */;

--
-- Dumping data for table `ration_distribution_pw`
--

LOCK TABLES `ration_distribution_pw` WRITE;
/*!40000 ALTER TABLE `ration_distribution_pw` DISABLE KEYS */;
INSERT INTO `ration_distribution_pw` VALUES (1,'pw001',1,1.90000,'2026-04-19','hbn','2026-04-19 13:13:12',NULL),(2,'PW001',12,50.00000,'2026-04-23','given 50 gm','2026-04-23 08:36:28',NULL);
/*!40000 ALTER TABLE `ration_distribution_pw` ENABLE KEYS */;
UNLOCK TABLES;

--
-- Table structure for table `ration_distribution_students`
--

DROP TABLE IF EXISTS `ration_distribution_students`;
/*!40101 SET @saved_cs_client     = @@character_set_client */;
/*!50503 SET character_set_client = utf8mb4 */;
CREATE TABLE `ration_distribution_students` (
  `id` bigint NOT NULL AUTO_INCREMENT,
  `student_id` varchar(64) NOT NULL,
  `item_id` int NOT NULL,
  `quantity` decimal(10,5) NOT NULL,
  `distribution_date` date NOT NULL,
  `remarks` text,
  `created_at` timestamp NULL DEFAULT CURRENT_TIMESTAMP,
  `owner_id` bigint DEFAULT NULL,
  PRIMARY KEY (`id`),
  UNIQUE KEY `uq_student_item_date` (`student_id`,`item_id`,`distribution_date`),
  KEY `item_id` (`item_id`),
  CONSTRAINT `ration_distribution_students_ibfk_1` FOREIGN KEY (`student_id`) REFERENCES `students` (`student_id`),
  CONSTRAINT `ration_distribution_students_ibfk_2` FOREIGN KEY (`item_id`) REFERENCES `ration_items` (`id`)
) ENGINE=InnoDB AUTO_INCREMENT=2207 DEFAULT CHARSET=utf8mb4 COLLATE=utf8mb4_0900_ai_ci;
/*!40101 SET character_set_client = @saved_cs_client */;

--
-- Dumping data for table `ration_distribution_students`
--

LOCK TABLES `ration_distribution_students` WRITE;
/*!40000 ALTER TABLE `ration_distribution_students` DISABLE KEYS */;
INSERT INTO `ration_distribution_students` VALUES (1154,'STUD001',1,0.05490,'2026-04-01','Auto-distributed','2026-04-19 13:33:44',NULL),(1155,'STUD002',1,0.05490,'2026-04-01','Auto-distributed','2026-04-19 13:33:44',NULL),(1156,'STUD003',1,0.05490,'2026-04-01','Auto-distributed','2026-04-19 13:33:44',NULL),(1157,'STUD004',1,0.05490,'2026-04-01','Auto-distributed','2026-04-19 13:33:44',NULL),(1158,'STUD001',2,0.00360,'2026-04-01','Auto-distributed','2026-04-19 13:33:44',NULL),(1159,'STUD002',2,0.00360,'2026-04-01','Auto-distributed','2026-04-19 13:33:44',NULL),(1160,'STUD003',2,0.00360,'2026-04-01','Auto-distributed','2026-04-19 13:33:44',NULL),(1161,'STUD004',2,0.00360,'2026-04-01','Auto-distributed','2026-04-19 13:33:44',NULL),(1162,'STUD001',3,2.10000,'2026-04-01','Auto-distributed','2026-04-19 13:33:44',NULL),(1163,'STUD002',3,2.10000,'2026-04-01','Auto-distributed','2026-04-19 13:33:44',NULL),(1164,'STUD003',3,2.10000,'2026-04-01','Auto-distributed','2026-04-19 13:33:44',NULL),(1165,'STUD004',3,2.10000,'2026-04-01','Auto-distributed','2026-04-19 13:33:44',NULL),(1166,'STUD001',4,0.00230,'2026-04-01','Auto-distributed','2026-04-19 13:33:44',NULL),(1167,'STUD002',4,0.00230,'2026-04-01','Auto-distributed','2026-04-19 13:33:44',NULL),(1168,'STUD003',4,0.00230,'2026-04-01','Auto-distributed','2026-04-19 13:33:44',NULL),(1169,'STUD004',4,0.00230,'2026-04-01','Auto-distributed','2026-04-19 13:33:45',NULL),(1170,'STUD001',5,0.00400,'2026-04-01','Auto-distributed','2026-04-19 13:33:45',NULL),(1171,'STUD002',5,0.00400,'2026-04-01','Auto-distributed','2026-04-19 13:33:45',NULL),(1172,'STUD003',5,0.00400,'2026-04-01','Auto-distributed','2026-04-19 13:33:45',NULL),(1173,'STUD004',5,0.00400,'2026-04-01','Auto-distributed','2026-04-19 13:33:45',NULL),(1174,'STUD001',6,2.80000,'2026-04-01','Auto-distributed','2026-04-19 13:33:45',NULL),(1175,'STUD002',6,2.80000,'2026-04-01','Auto-distributed','2026-04-19 13:33:45',NULL),(1176,'STUD003',6,2.80000,'2026-04-01','Auto-distributed','2026-04-19 13:33:45',NULL),(1177,'STUD004',6,2.80000,'2026-04-01','Auto-distributed','2026-04-19 13:33:45',NULL),(1178,'STUD001',7,0.30000,'2026-04-01','Auto-distributed','2026-04-19 13:33:45',NULL),(1179,'STUD002',7,0.30000,'2026-04-01','Auto-distributed','2026-04-19 13:33:45',NULL),(1180,'STUD003',7,0.30000,'2026-04-01','Auto-distributed','2026-04-19 13:33:45',NULL),(1181,'STUD004',7,0.30000,'2026-04-01','Auto-distributed','2026-04-19 13:33:45',NULL),(1182,'STUD001',8,0.00157,'2026-04-01','Auto-distributed','2026-04-19 13:33:45',NULL),(1183,'STUD002',8,0.00157,'2026-04-01','Auto-distributed','2026-04-19 13:33:45',NULL),(1184,'STUD003',8,0.00157,'2026-04-01','Auto-distributed','2026-04-19 13:33:45',NULL),(1185,'STUD004',8,0.00157,'2026-04-01','Auto-distributed','2026-04-19 13:33:45',NULL),(1186,'STUD001',9,0.00293,'2026-04-01','Auto-distributed','2026-04-19 13:33:45',NULL),(1187,'STUD002',9,0.00293,'2026-04-01','Auto-distributed','2026-04-19 13:33:45',NULL),(1188,'STUD003',9,0.00293,'2026-04-01','Auto-distributed','2026-04-19 13:33:45',NULL),(1189,'STUD004',9,0.00293,'2026-04-01','Auto-distributed','2026-04-19 13:33:45',NULL),(1190,'STUD001',12,10.00000,'2026-04-01','Auto-distributed','2026-04-19 13:33:46',NULL),(1191,'STUD002',12,10.00000,'2026-04-01','Auto-distributed','2026-04-19 13:33:46',NULL),(1192,'STUD003',12,10.00000,'2026-04-01','Auto-distributed','2026-04-19 13:33:46',NULL),(1193,'STUD004',12,10.00000,'2026-04-01','Auto-distributed','2026-04-19 13:33:46',NULL),(1194,'STUD001',13,0.00333,'2026-04-01','Auto-distributed','2026-04-19 13:33:46',NULL),(1195,'STUD002',13,0.00333,'2026-04-01','Auto-distributed','2026-04-19 13:33:46',NULL),(1196,'STUD003',13,0.00333,'2026-04-01','Auto-distributed','2026-04-19 13:33:46',NULL),(1197,'STUD004',13,0.00333,'2026-04-01','Auto-distributed','2026-04-19 13:33:46',NULL),(1198,'STUD001',1,0.05490,'2026-04-02','Auto-distributed','2026-04-19 13:33:46',NULL),(1199,'STUD002',1,0.05490,'2026-04-02','Auto-distributed','2026-04-19 13:33:46',NULL),(1200,'STUD003',1,0.05490,'2026-04-02','Auto-distributed','2026-04-19 13:33:46',NULL),(1201,'STUD004',1,0.05490,'2026-04-02','Auto-distributed','2026-04-19 13:33:46',NULL),(1202,'STUD001',2,0.00360,'2026-04-02','Auto-distributed','2026-04-19 13:33:46',NULL),(1203,'STUD002',2,0.00360,'2026-04-02','Auto-distributed','2026-04-19 13:33:46',NULL),(1204,'STUD003',2,0.00360,'2026-04-02','Auto-distributed','2026-04-19 13:33:46',NULL),(1205,'STUD004',2,0.00360,'2026-04-02','Auto-distributed','2026-04-19 13:33:46',NULL),(1206,'STUD001',3,2.10000,'2026-04-02','Auto-distributed','2026-04-19 13:33:46',NULL),(1207,'STUD002',3,2.10000,'2026-04-02','Auto-distributed','2026-04-19 13:33:46',NULL),(1208,'STUD003',3,2.10000,'2026-04-02','Auto-distributed','2026-04-19 13:33:47',NULL),(1209,'STUD004',3,2.10000,'2026-04-02','Auto-distributed','2026-04-19 13:33:47',NULL),(1210,'STUD001',4,0.00230,'2026-04-02','Auto-distributed','2026-04-19 13:33:47',NULL),(1211,'STUD002',4,0.00230,'2026-04-02','Auto-distributed','2026-04-19 13:33:47',NULL),(1212,'STUD003',4,0.00230,'2026-04-02','Auto-distributed','2026-04-19 13:33:47',NULL),(1213,'STUD004',4,0.00230,'2026-04-02','Auto-distributed','2026-04-19 13:33:47',NULL),(1214,'STUD001',5,0.00400,'2026-04-02','Auto-distributed','2026-04-19 13:33:47',NULL),(1215,'STUD002',5,0.00400,'2026-04-02','Auto-distributed','2026-04-19 13:33:47',NULL),(1216,'STUD003',5,0.00400,'2026-04-02','Auto-distributed','2026-04-19 13:33:47',NULL),(1217,'STUD004',5,0.00400,'2026-04-02','Auto-distributed','2026-04-19 13:33:47',NULL),(1218,'STUD001',6,2.80000,'2026-04-02','Auto-distributed','2026-04-19 13:33:47',NULL),(1219,'STUD002',6,2.80000,'2026-04-02','Auto-distributed','2026-04-19 13:33:47',NULL),(1220,'STUD003',6,2.80000,'2026-04-02','Auto-distributed','2026-04-19 13:33:47',NULL),(1221,'STUD004',6,2.80000,'2026-04-02','Auto-distributed','2026-04-19 13:33:47',NULL),(1222,'STUD001',7,0.30000,'2026-04-02','Auto-distributed','2026-04-19 13:33:47',NULL),(1223,'STUD002',7,0.30000,'2026-04-02','Auto-distributed','2026-04-19 13:33:47',NULL),(1224,'STUD003',7,0.30000,'2026-04-02','Auto-distributed','2026-04-19 13:33:47',NULL),(1225,'STUD004',7,0.30000,'2026-04-02','Auto-distributed','2026-04-19 13:33:48',NULL),(1226,'STUD001',8,0.00157,'2026-04-02','Auto-distributed','2026-04-19 13:33:48',NULL),(1227,'STUD002',8,0.00157,'2026-04-02','Auto-distributed','2026-04-19 13:33:48',NULL),(1228,'STUD003',8,0.00157,'2026-04-02','Auto-distributed','2026-04-19 13:33:48',NULL),(1229,'STUD004',8,0.00157,'2026-04-02','Auto-distributed','2026-04-19 13:33:48',NULL),(1230,'STUD001',9,0.00293,'2026-04-02','Auto-distributed','2026-04-19 13:33:48',NULL),(1231,'STUD002',9,0.00293,'2026-04-02','Auto-distributed','2026-04-19 13:33:48',NULL),(1232,'STUD003',9,0.00293,'2026-04-02','Auto-distributed','2026-04-19 13:33:48',NULL),(1233,'STUD004',9,0.00293,'2026-04-02','Auto-distributed','2026-04-19 13:33:48',NULL),(1234,'STUD001',12,10.00000,'2026-04-02','Auto-distributed','2026-04-19 13:33:48',NULL),(1235,'STUD002',12,10.00000,'2026-04-02','Auto-distributed','2026-04-19 13:33:48',NULL),(1236,'STUD003',12,10.00000,'2026-04-02','Auto-distributed','2026-04-19 13:33:48',NULL),(1237,'STUD004',12,10.00000,'2026-04-02','Auto-distributed','2026-04-19 13:33:48',NULL),(1238,'STUD001',13,0.00333,'2026-04-02','Auto-distributed','2026-04-19 13:33:48',NULL),(1239,'STUD002',13,0.00333,'2026-04-02','Auto-distributed','2026-04-19 13:33:48',NULL),(1240,'STUD003',13,0.00333,'2026-04-02','Auto-distributed','2026-04-19 13:33:48',NULL),(1241,'STUD004',13,0.00333,'2026-04-02','Auto-distributed','2026-04-19 13:33:48',NULL),(1242,'STUD001',11,1.00000,'2026-04-02','Auto-distributed (2/week schedule)','2026-04-19 13:33:48',NULL),(1243,'STUD002',11,1.00000,'2026-04-02','Auto-distributed (2/week schedule)','2026-04-19 13:33:48',NULL),(1244,'STUD003',11,1.00000,'2026-04-02','Auto-distributed (2/week schedule)','2026-04-19 13:33:48',NULL),(1245,'STUD004',11,1.00000,'2026-04-02','Auto-distributed (2/week schedule)','2026-04-19 13:33:48',NULL),(1246,'STUD001',1,0.05490,'2026-04-03','Auto-distributed','2026-04-19 13:33:49',NULL),(1247,'STUD002',1,0.05490,'2026-04-03','Auto-distributed','2026-04-19 13:33:49',NULL),(1248,'STUD003',1,0.05490,'2026-04-03','Auto-distributed','2026-04-19 13:33:49',NULL),(1249,'STUD004',1,0.05490,'2026-04-03','Auto-distributed','2026-04-19 13:33:49',NULL),(1250,'STUD001',2,0.00360,'2026-04-03','Auto-distributed','2026-04-19 13:33:49',NULL),(1251,'STUD002',2,0.00360,'2026-04-03','Auto-distributed','2026-04-19 13:33:49',NULL),(1252,'STUD003',2,0.00360,'2026-04-03','Auto-distributed','2026-04-19 13:33:49',NULL),(1253,'STUD004',2,0.00360,'2026-04-03','Auto-distributed','2026-04-19 13:33:49',NULL),(1254,'STUD001',3,2.10000,'2026-04-03','Auto-distributed','2026-04-19 13:33:49',NULL),(1255,'STUD002',3,2.10000,'2026-04-03','Auto-distributed','2026-04-19 13:33:49',NULL),(1256,'STUD003',3,2.10000,'2026-04-03','Auto-distributed','2026-04-19 13:33:49',NULL),(1257,'STUD004',3,2.10000,'2026-04-03','Auto-distributed','2026-04-19 13:33:49',NULL),(1258,'STUD001',4,0.00230,'2026-04-03','Auto-distributed','2026-04-19 13:33:49',NULL),(1259,'STUD002',4,0.00230,'2026-04-03','Auto-distributed','2026-04-19 13:33:49',NULL),(1260,'STUD003',4,0.00230,'2026-04-03','Auto-distributed','2026-04-19 13:33:49',NULL),(1261,'STUD004',4,0.00230,'2026-04-03','Auto-distributed','2026-04-19 13:33:49',NULL),(1262,'STUD001',5,0.00400,'2026-04-03','Auto-distributed','2026-04-19 13:33:49',NULL),(1263,'STUD002',5,0.00400,'2026-04-03','Auto-distributed','2026-04-19 13:33:49',NULL),(1264,'STUD003',5,0.00400,'2026-04-03','Auto-distributed','2026-04-19 13:33:49',NULL),(1265,'STUD004',5,0.00400,'2026-04-03','Auto-distributed','2026-04-19 13:33:49',NULL),(1266,'STUD001',6,2.80000,'2026-04-03','Auto-distributed','2026-04-19 13:33:50',NULL),(1267,'STUD002',6,2.80000,'2026-04-03','Auto-distributed','2026-04-19 13:33:50',NULL),(1268,'STUD003',6,2.80000,'2026-04-03','Auto-distributed','2026-04-19 13:33:50',NULL),(1269,'STUD004',6,2.80000,'2026-04-03','Auto-distributed','2026-04-19 13:33:50',NULL),(1270,'STUD001',7,0.30000,'2026-04-03','Auto-distributed','2026-04-19 13:33:50',NULL),(1271,'STUD002',7,0.30000,'2026-04-03','Auto-distributed','2026-04-19 13:33:50',NULL),(1272,'STUD003',7,0.30000,'2026-04-03','Auto-distributed','2026-04-19 13:33:50',NULL),(1273,'STUD004',7,0.30000,'2026-04-03','Auto-distributed','2026-04-19 13:33:50',NULL),(1274,'STUD001',8,0.00157,'2026-04-03','Auto-distributed','2026-04-19 13:33:50',NULL),(1275,'STUD002',8,0.00157,'2026-04-03','Auto-distributed','2026-04-19 13:33:50',NULL),(1276,'STUD003',8,0.00157,'2026-04-03','Auto-distributed','2026-04-19 13:33:50',NULL),(1277,'STUD004',8,0.00157,'2026-04-03','Auto-distributed','2026-04-19 13:33:50',NULL),(1278,'STUD001',9,0.00293,'2026-04-03','Auto-distributed','2026-04-19 13:33:50',NULL),(1279,'STUD002',9,0.00293,'2026-04-03','Auto-distributed','2026-04-19 13:33:50',NULL),(1280,'STUD003',9,0.00293,'2026-04-03','Auto-distributed','2026-04-19 13:33:50',NULL),(1281,'STUD004',9,0.00293,'2026-04-03','Auto-distributed','2026-04-19 13:33:50',NULL),(1282,'STUD001',12,10.00000,'2026-04-03','Auto-distributed','2026-04-19 13:33:50',NULL),(1283,'STUD002',12,10.00000,'2026-04-03','Auto-distributed','2026-04-19 13:33:50',NULL),(1284,'STUD003',12,10.00000,'2026-04-03','Auto-distributed','2026-04-19 13:33:50',NULL),(1285,'STUD004',12,10.00000,'2026-04-03','Auto-distributed','2026-04-19 13:33:50',NULL),(1286,'STUD001',13,0.00333,'2026-04-03','Auto-distributed','2026-04-19 13:33:51',NULL),(1287,'STUD002',13,0.00333,'2026-04-03','Auto-distributed','2026-04-19 13:33:51',NULL),(1288,'STUD003',13,0.00333,'2026-04-03','Auto-distributed','2026-04-19 13:33:51',NULL),(1289,'STUD004',13,0.00333,'2026-04-03','Auto-distributed','2026-04-19 13:33:51',NULL),(1290,'STUD001',1,0.05490,'2026-04-04','Auto-distributed','2026-04-19 13:33:51',NULL),(1291,'STUD002',1,0.05490,'2026-04-04','Auto-distributed','2026-04-19 13:33:51',NULL),(1292,'STUD003',1,0.05490,'2026-04-04','Auto-distributed','2026-04-19 13:33:51',NULL),(1293,'STUD004',1,0.05490,'2026-04-04','Auto-distributed','2026-04-19 13:33:51',NULL),(1294,'STUD001',2,0.00360,'2026-04-04','Auto-distributed','2026-04-19 13:33:51',NULL),(1295,'STUD002',2,0.00360,'2026-04-04','Auto-distributed','2026-04-19 13:33:51',NULL),(1296,'STUD003',2,0.00360,'2026-04-04','Auto-distributed','2026-04-19 13:33:51',NULL),(1297,'STUD004',2,0.00360,'2026-04-04','Auto-distributed','2026-04-19 13:33:51',NULL),(1298,'STUD001',3,2.10000,'2026-04-04','Auto-distributed','2026-04-19 13:33:51',NULL),(1299,'STUD002',3,2.10000,'2026-04-04','Auto-distributed','2026-04-19 13:33:51',NULL),(1300,'STUD003',3,2.10000,'2026-04-04','Auto-distributed','2026-04-19 13:33:51',NULL),(1301,'STUD004',3,2.10000,'2026-04-04','Auto-distributed','2026-04-19 13:33:51',NULL),(1302,'STUD001',4,0.00230,'2026-04-04','Auto-distributed','2026-04-19 13:33:51',NULL),(1303,'STUD002',4,0.00230,'2026-04-04','Auto-distributed','2026-04-19 13:33:51',NULL),(1304,'STUD003',4,0.00230,'2026-04-04','Auto-distributed','2026-04-19 13:33:51',NULL),(1305,'STUD004',4,0.00230,'2026-04-04','Auto-distributed','2026-04-19 13:33:51',NULL),(1306,'STUD001',5,0.00400,'2026-04-04','Auto-distributed','2026-04-19 13:33:52',NULL),(1307,'STUD002',5,0.00400,'2026-04-04','Auto-distributed','2026-04-19 13:33:52',NULL),(1308,'STUD003',5,0.00400,'2026-04-04','Auto-distributed','2026-04-19 13:33:52',NULL),(1309,'STUD004',5,0.00400,'2026-04-04','Auto-distributed','2026-04-19 13:33:52',NULL),(1310,'STUD001',6,2.80000,'2026-04-04','Auto-distributed','2026-04-19 13:33:52',NULL),(1311,'STUD002',6,2.80000,'2026-04-04','Auto-distributed','2026-04-19 13:33:52',NULL),(1312,'STUD003',6,2.80000,'2026-04-04','Auto-distributed','2026-04-19 13:33:52',NULL),(1313,'STUD004',6,2.80000,'2026-04-04','Auto-distributed','2026-04-19 13:33:52',NULL),(1314,'STUD001',7,0.30000,'2026-04-04','Auto-distributed','2026-04-19 13:33:52',NULL),(1315,'STUD002',7,0.30000,'2026-04-04','Auto-distributed','2026-04-19 13:33:52',NULL),(1316,'STUD003',7,0.30000,'2026-04-04','Auto-distributed','2026-04-19 13:33:52',NULL),(1317,'STUD004',7,0.30000,'2026-04-04','Auto-distributed','2026-04-19 13:33:52',NULL),(1318,'STUD001',8,0.00157,'2026-04-04','Auto-distributed','2026-04-19 13:33:52',NULL),(1319,'STUD002',8,0.00157,'2026-04-04','Auto-distributed','2026-04-19 13:33:52',NULL),(1320,'STUD003',8,0.00157,'2026-04-04','Auto-distributed','2026-04-19 13:33:52',NULL),(1321,'STUD004',8,0.00157,'2026-04-04','Auto-distributed','2026-04-19 13:33:52',NULL),(1322,'STUD001',9,0.00293,'2026-04-04','Auto-distributed','2026-04-19 13:33:52',NULL),(1323,'STUD002',9,0.00293,'2026-04-04','Auto-distributed','2026-04-19 13:33:52',NULL),(1324,'STUD003',9,0.00293,'2026-04-04','Auto-distributed','2026-04-19 13:33:52',NULL),(1325,'STUD004',9,0.00293,'2026-04-04','Auto-distributed','2026-04-19 13:33:52',NULL),(1326,'STUD001',12,10.00000,'2026-04-04','Auto-distributed','2026-04-19 13:33:53',NULL),(1327,'STUD002',12,10.00000,'2026-04-04','Auto-distributed','2026-04-19 13:33:53',NULL),(1328,'STUD003',12,10.00000,'2026-04-04','Auto-distributed','2026-04-19 13:33:53',NULL),(1329,'STUD004',12,10.00000,'2026-04-04','Auto-distributed','2026-04-19 13:33:53',NULL),(1330,'STUD001',13,0.00333,'2026-04-04','Auto-distributed','2026-04-19 13:33:53',NULL),(1331,'STUD002',13,0.00333,'2026-04-04','Auto-distributed','2026-04-19 13:33:53',NULL),(1332,'STUD003',13,0.00333,'2026-04-04','Auto-distributed','2026-04-19 13:33:53',NULL),(1333,'STUD004',13,0.00333,'2026-04-04','Auto-distributed','2026-04-19 13:33:53',NULL),(1334,'STUD001',1,0.05490,'2026-04-06','Auto-distributed','2026-04-19 13:33:53',NULL),(1335,'STUD002',1,0.05490,'2026-04-06','Auto-distributed','2026-04-19 13:33:53',NULL),(1336,'STUD003',1,0.05490,'2026-04-06','Auto-distributed','2026-04-19 13:33:53',NULL),(1337,'STUD004',1,0.05490,'2026-04-06','Auto-distributed','2026-04-19 13:33:53',NULL),(1338,'STUD001',2,0.00360,'2026-04-06','Auto-distributed','2026-04-19 13:33:53',NULL),(1339,'STUD002',2,0.00360,'2026-04-06','Auto-distributed','2026-04-19 13:33:53',NULL),(1340,'STUD003',2,0.00360,'2026-04-06','Auto-distributed','2026-04-19 13:33:53',NULL),(1341,'STUD004',2,0.00360,'2026-04-06','Auto-distributed','2026-04-19 13:33:53',NULL),(1342,'STUD001',3,2.10000,'2026-04-06','Auto-distributed','2026-04-19 13:33:53',NULL),(1343,'STUD002',3,2.10000,'2026-04-06','Auto-distributed','2026-04-19 13:33:53',NULL),(1344,'STUD003',3,2.10000,'2026-04-06','Auto-distributed','2026-04-19 13:33:53',NULL),(1345,'STUD004',3,2.10000,'2026-04-06','Auto-distributed','2026-04-19 13:33:53',NULL),(1346,'STUD001',4,0.00230,'2026-04-06','Auto-distributed','2026-04-19 13:33:53',NULL),(1347,'STUD002',4,0.00230,'2026-04-06','Auto-distributed','2026-04-19 13:33:54',NULL),(1348,'STUD003',4,0.00230,'2026-04-06','Auto-distributed','2026-04-19 13:33:54',NULL),(1349,'STUD004',4,0.00230,'2026-04-06','Auto-distributed','2026-04-19 13:33:54',NULL),(1350,'STUD001',5,0.00400,'2026-04-06','Auto-distributed','2026-04-19 13:33:54',NULL),(1351,'STUD002',5,0.00400,'2026-04-06','Auto-distributed','2026-04-19 13:33:54',NULL),(1352,'STUD003',5,0.00400,'2026-04-06','Auto-distributed','2026-04-19 13:33:54',NULL),(1353,'STUD004',5,0.00400,'2026-04-06','Auto-distributed','2026-04-19 13:33:54',NULL),(1354,'STUD001',6,2.80000,'2026-04-06','Auto-distributed','2026-04-19 13:33:54',NULL),(1355,'STUD002',6,2.80000,'2026-04-06','Auto-distributed','2026-04-19 13:33:54',NULL),(1356,'STUD003',6,2.80000,'2026-04-06','Auto-distributed','2026-04-19 13:33:54',NULL),(1357,'STUD004',6,2.80000,'2026-04-06','Auto-distributed','2026-04-19 13:33:54',NULL),(1358,'STUD001',7,0.30000,'2026-04-06','Auto-distributed','2026-04-19 13:33:54',NULL),(1359,'STUD002',7,0.30000,'2026-04-06','Auto-distributed','2026-04-19 13:33:54',NULL),(1360,'STUD003',7,0.30000,'2026-04-06','Auto-distributed','2026-04-19 13:33:54',NULL),(1361,'STUD004',7,0.30000,'2026-04-06','Auto-distributed','2026-04-19 13:33:54',NULL),(1362,'STUD001',8,0.00157,'2026-04-06','Auto-distributed','2026-04-19 13:33:54',NULL),(1363,'STUD002',8,0.00157,'2026-04-06','Auto-distributed','2026-04-19 13:33:54',NULL),(1364,'STUD003',8,0.00157,'2026-04-06','Auto-distributed','2026-04-19 13:33:54',NULL),(1365,'STUD004',8,0.00157,'2026-04-06','Auto-distributed','2026-04-19 13:33:54',NULL),(1366,'STUD001',9,0.00293,'2026-04-06','Auto-distributed','2026-04-19 13:33:54',NULL),(1367,'STUD002',9,0.00293,'2026-04-06','Auto-distributed','2026-04-19 13:33:54',NULL),(1368,'STUD003',9,0.00293,'2026-04-06','Auto-distributed','2026-04-19 13:33:54',NULL),(1369,'STUD004',9,0.00293,'2026-04-06','Auto-distributed','2026-04-19 13:33:54',NULL),(1370,'STUD001',12,10.00000,'2026-04-06','Auto-distributed','2026-04-19 13:33:55',NULL),(1371,'STUD002',12,10.00000,'2026-04-06','Auto-distributed','2026-04-19 13:33:55',NULL),(1372,'STUD003',12,10.00000,'2026-04-06','Auto-distributed','2026-04-19 13:33:55',NULL),(1373,'STUD004',12,10.00000,'2026-04-06','Auto-distributed','2026-04-19 13:33:55',NULL),(1374,'STUD001',13,0.00333,'2026-04-06','Auto-distributed','2026-04-19 13:33:55',NULL),(1375,'STUD002',13,0.00333,'2026-04-06','Auto-distributed','2026-04-19 13:33:55',NULL),(1376,'STUD003',13,0.00333,'2026-04-06','Auto-distributed','2026-04-19 13:33:55',NULL),(1377,'STUD004',13,0.00333,'2026-04-06','Auto-distributed','2026-04-19 13:33:55',NULL),(1378,'STUD001',11,1.00000,'2026-04-06','Auto-distributed (2/week schedule)','2026-04-19 13:33:55',NULL),(1379,'STUD002',11,1.00000,'2026-04-06','Auto-distributed (2/week schedule)','2026-04-19 13:33:55',NULL),(1380,'STUD003',11,1.00000,'2026-04-06','Auto-distributed (2/week schedule)','2026-04-19 13:33:55',NULL),(1381,'STUD004',11,1.00000,'2026-04-06','Auto-distributed (2/week schedule)','2026-04-19 13:33:55',NULL),(1382,'STUD001',1,0.05490,'2026-04-07','Auto-distributed','2026-04-19 13:33:55',NULL),(1383,'STUD002',1,0.05490,'2026-04-07','Auto-distributed','2026-04-19 13:33:55',NULL),(1384,'STUD003',1,0.05490,'2026-04-07','Auto-distributed','2026-04-19 13:33:55',NULL),(1385,'STUD004',1,0.05490,'2026-04-07','Auto-distributed','2026-04-19 13:33:55',NULL),(1386,'STUD001',2,0.00360,'2026-04-07','Auto-distributed','2026-04-19 13:33:55',NULL),(1387,'STUD002',2,0.00360,'2026-04-07','Auto-distributed','2026-04-19 13:33:55',NULL),(1388,'STUD003',2,0.00360,'2026-04-07','Auto-distributed','2026-04-19 13:33:56',NULL),(1389,'STUD004',2,0.00360,'2026-04-07','Auto-distributed','2026-04-19 13:33:56',NULL),(1390,'STUD001',3,2.10000,'2026-04-07','Auto-distributed','2026-04-19 13:33:56',NULL),(1391,'STUD002',3,2.10000,'2026-04-07','Auto-distributed','2026-04-19 13:33:56',NULL),(1392,'STUD003',3,2.10000,'2026-04-07','Auto-distributed','2026-04-19 13:33:56',NULL),(1393,'STUD004',3,2.10000,'2026-04-07','Auto-distributed','2026-04-19 13:33:56',NULL),(1394,'STUD001',4,0.00230,'2026-04-07','Auto-distributed','2026-04-19 13:33:56',NULL),(1395,'STUD002',4,0.00230,'2026-04-07','Auto-distributed','2026-04-19 13:33:56',NULL),(1396,'STUD003',4,0.00230,'2026-04-07','Auto-distributed','2026-04-19 13:33:56',NULL),(1397,'STUD004',4,0.00230,'2026-04-07','Auto-distributed','2026-04-19 13:33:56',NULL),(1398,'STUD001',5,0.00400,'2026-04-07','Auto-distributed','2026-04-19 13:33:56',NULL),(1399,'STUD002',5,0.00400,'2026-04-07','Auto-distributed','2026-04-19 13:33:56',NULL),(1400,'STUD003',5,0.00400,'2026-04-07','Auto-distributed','2026-04-19 13:33:56',NULL),(1401,'STUD004',5,0.00400,'2026-04-07','Auto-distributed','2026-04-19 13:33:56',NULL),(1402,'STUD001',6,2.80000,'2026-04-07','Auto-distributed','2026-04-19 13:33:56',NULL),(1403,'STUD002',6,2.80000,'2026-04-07','Auto-distributed','2026-04-19 13:33:56',NULL),(1404,'STUD003',6,2.80000,'2026-04-07','Auto-distributed','2026-04-19 13:33:56',NULL),(1405,'STUD004',6,2.80000,'2026-04-07','Auto-distributed','2026-04-19 13:33:56',NULL),(1406,'STUD001',7,0.30000,'2026-04-07','Auto-distributed','2026-04-19 13:33:56',NULL),(1407,'STUD002',7,0.30000,'2026-04-07','Auto-distributed','2026-04-19 13:33:56',NULL),(1408,'STUD003',7,0.30000,'2026-04-07','Auto-distributed','2026-04-19 13:33:56',NULL),(1409,'STUD004',7,0.30000,'2026-04-07','Auto-distributed','2026-04-19 13:33:57',NULL),(1410,'STUD001',8,0.00157,'2026-04-07','Auto-distributed','2026-04-19 13:33:57',NULL),(1411,'STUD002',8,0.00157,'2026-04-07','Auto-distributed','2026-04-19 13:33:57',NULL),(1412,'STUD003',8,0.00157,'2026-04-07','Auto-distributed','2026-04-19 13:33:57',NULL),(1413,'STUD004',8,0.00157,'2026-04-07','Auto-distributed','2026-04-19 13:33:57',NULL),(1414,'STUD001',9,0.00293,'2026-04-07','Auto-distributed','2026-04-19 13:33:57',NULL),(1415,'STUD002',9,0.00293,'2026-04-07','Auto-distributed','2026-04-19 13:33:57',NULL),(1416,'STUD003',9,0.00293,'2026-04-07','Auto-distributed','2026-04-19 13:33:57',NULL),(1417,'STUD004',9,0.00293,'2026-04-07','Auto-distributed','2026-04-19 13:33:57',NULL),(1418,'STUD001',12,10.00000,'2026-04-07','Auto-distributed','2026-04-19 13:33:57',NULL),(1419,'STUD002',12,10.00000,'2026-04-07','Auto-distributed','2026-04-19 13:33:57',NULL),(1420,'STUD003',12,10.00000,'2026-04-07','Auto-distributed','2026-04-19 13:33:57',NULL),(1421,'STUD004',12,10.00000,'2026-04-07','Auto-distributed','2026-04-19 13:33:57',NULL),(1422,'STUD001',13,0.00333,'2026-04-07','Auto-distributed','2026-04-19 13:33:57',NULL),(1423,'STUD002',13,0.00333,'2026-04-07','Auto-distributed','2026-04-19 13:33:57',NULL),(1424,'STUD003',13,0.00333,'2026-04-07','Auto-distributed','2026-04-19 13:33:57',NULL),(1425,'STUD004',13,0.00333,'2026-04-07','Auto-distributed','2026-04-19 13:33:57',NULL),(1426,'STUD001',1,0.05490,'2026-04-08','Auto-distributed','2026-04-19 13:33:57',NULL),(1427,'STUD002',1,0.05490,'2026-04-08','Auto-distributed','2026-04-19 13:33:57',NULL),(1428,'STUD003',1,0.05490,'2026-04-08','Auto-distributed','2026-04-19 13:33:57',NULL),(1429,'STUD004',1,0.05490,'2026-04-08','Auto-distributed','2026-04-19 13:33:58',NULL),(1430,'STUD001',2,0.00360,'2026-04-08','Auto-distributed','2026-04-19 13:33:58',NULL),(1431,'STUD002',2,0.00360,'2026-04-08','Auto-distributed','2026-04-19 13:33:58',NULL),(1432,'STUD003',2,0.00360,'2026-04-08','Auto-distributed','2026-04-19 13:33:58',NULL),(1433,'STUD004',2,0.00360,'2026-04-08','Auto-distributed','2026-04-19 13:33:58',NULL),(1434,'STUD001',3,2.10000,'2026-04-08','Auto-distributed','2026-04-19 13:33:58',NULL),(1435,'STUD002',3,2.10000,'2026-04-08','Auto-distributed','2026-04-19 13:33:58',NULL),(1436,'STUD003',3,2.10000,'2026-04-08','Auto-distributed','2026-04-19 13:33:58',NULL),(1437,'STUD004',3,2.10000,'2026-04-08','Auto-distributed','2026-04-19 13:33:58',NULL),(1438,'STUD001',4,0.00230,'2026-04-08','Auto-distributed','2026-04-19 13:33:58',NULL),(1439,'STUD002',4,0.00230,'2026-04-08','Auto-distributed','2026-04-19 13:33:58',NULL),(1440,'STUD003',4,0.00230,'2026-04-08','Auto-distributed','2026-04-19 13:33:58',NULL),(1441,'STUD004',4,0.00230,'2026-04-08','Auto-distributed','2026-04-19 13:33:58',NULL),(1442,'STUD001',5,0.00400,'2026-04-08','Auto-distributed','2026-04-19 13:33:58',NULL),(1443,'STUD002',5,0.00400,'2026-04-08','Auto-distributed','2026-04-19 13:33:58',NULL),(1444,'STUD003',5,0.00400,'2026-04-08','Auto-distributed','2026-04-19 13:33:58',NULL),(1445,'STUD004',5,0.00400,'2026-04-08','Auto-distributed','2026-04-19 13:33:58',NULL),(1446,'STUD001',6,2.80000,'2026-04-08','Auto-distributed','2026-04-19 13:33:58',NULL),(1447,'STUD002',6,2.80000,'2026-04-08','Auto-distributed','2026-04-19 13:33:58',NULL),(1448,'STUD003',6,2.80000,'2026-04-08','Auto-distributed','2026-04-19 13:33:58',NULL),(1449,'STUD004',6,2.80000,'2026-04-08','Auto-distributed','2026-04-19 13:33:58',NULL),(1450,'STUD001',7,0.30000,'2026-04-08','Auto-distributed','2026-04-19 13:33:59',NULL),(1451,'STUD002',7,0.30000,'2026-04-08','Auto-distributed','2026-04-19 13:33:59',NULL),(1452,'STUD003',7,0.30000,'2026-04-08','Auto-distributed','2026-04-19 13:33:59',NULL),(1453,'STUD004',7,0.30000,'2026-04-08','Auto-distributed','2026-04-19 13:33:59',NULL),(1454,'STUD001',8,0.00157,'2026-04-08','Auto-distributed','2026-04-19 13:33:59',NULL),(1455,'STUD002',8,0.00157,'2026-04-08','Auto-distributed','2026-04-19 13:33:59',NULL),(1456,'STUD003',8,0.00157,'2026-04-08','Auto-distributed','2026-04-19 13:33:59',NULL),(1457,'STUD004',8,0.00157,'2026-04-08','Auto-distributed','2026-04-19 13:33:59',NULL),(1458,'STUD001',9,0.00293,'2026-04-08','Auto-distributed','2026-04-19 13:33:59',NULL),(1459,'STUD002',9,0.00293,'2026-04-08','Auto-distributed','2026-04-19 13:33:59',NULL),(1460,'STUD003',9,0.00293,'2026-04-08','Auto-distributed','2026-04-19 13:33:59',NULL),(1461,'STUD004',9,0.00293,'2026-04-08','Auto-distributed','2026-04-19 13:33:59',NULL),(1462,'STUD001',12,10.00000,'2026-04-08','Auto-distributed','2026-04-19 13:33:59',NULL),(1463,'STUD002',12,10.00000,'2026-04-08','Auto-distributed','2026-04-19 13:33:59',NULL),(1464,'STUD003',12,10.00000,'2026-04-08','Auto-distributed','2026-04-19 13:33:59',NULL),(1465,'STUD004',12,10.00000,'2026-04-08','Auto-distributed','2026-04-19 13:33:59',NULL),(1466,'STUD001',13,0.00333,'2026-04-08','Auto-distributed','2026-04-19 13:33:59',NULL),(1467,'STUD002',13,0.00333,'2026-04-08','Auto-distributed','2026-04-19 13:33:59',NULL),(1468,'STUD003',13,0.00333,'2026-04-08','Auto-distributed','2026-04-19 13:33:59',NULL),(1469,'STUD004',13,0.00333,'2026-04-08','Auto-distributed','2026-04-19 13:33:59',NULL),(1470,'STUD001',1,0.05490,'2026-04-09','Auto-distributed','2026-04-19 13:34:00',NULL),(1471,'STUD002',1,0.05490,'2026-04-09','Auto-distributed','2026-04-19 13:34:00',NULL),(1472,'STUD003',1,0.05490,'2026-04-09','Auto-distributed','2026-04-19 13:34:00',NULL),(1473,'STUD004',1,0.05490,'2026-04-09','Auto-distributed','2026-04-19 13:34:00',NULL),(1474,'STUD001',2,0.00360,'2026-04-09','Auto-distributed','2026-04-19 13:34:00',NULL),(1475,'STUD002',2,0.00360,'2026-04-09','Auto-distributed','2026-04-19 13:34:00',NULL),(1476,'STUD003',2,0.00360,'2026-04-09','Auto-distributed','2026-04-19 13:34:00',NULL),(1477,'STUD004',2,0.00360,'2026-04-09','Auto-distributed','2026-04-19 13:34:00',NULL),(1478,'STUD001',3,2.10000,'2026-04-09','Auto-distributed','2026-04-19 13:34:00',NULL),(1479,'STUD002',3,2.10000,'2026-04-09','Auto-distributed','2026-04-19 13:34:00',NULL),(1480,'STUD003',3,2.10000,'2026-04-09','Auto-distributed','2026-04-19 13:34:00',NULL),(1481,'STUD004',3,2.10000,'2026-04-09','Auto-distributed','2026-04-19 13:34:00',NULL),(1482,'STUD001',4,0.00230,'2026-04-09','Auto-distributed','2026-04-19 13:34:00',NULL),(1483,'STUD002',4,0.00230,'2026-04-09','Auto-distributed','2026-04-19 13:34:00',NULL),(1484,'STUD003',4,0.00230,'2026-04-09','Auto-distributed','2026-04-19 13:34:00',NULL),(1485,'STUD004',4,0.00230,'2026-04-09','Auto-distributed','2026-04-19 13:34:00',NULL),(1486,'STUD001',5,0.00400,'2026-04-09','Auto-distributed','2026-04-19 13:34:00',NULL),(1487,'STUD002',5,0.00400,'2026-04-09','Auto-distributed','2026-04-19 13:34:00',NULL),(1488,'STUD003',5,0.00400,'2026-04-09','Auto-distributed','2026-04-19 13:34:00',NULL),(1489,'STUD004',5,0.00400,'2026-04-09','Auto-distributed','2026-04-19 13:34:00',NULL),(1490,'STUD001',6,2.80000,'2026-04-09','Auto-distributed','2026-04-19 13:34:00',NULL),(1491,'STUD002',6,2.80000,'2026-04-09','Auto-distributed','2026-04-19 13:34:01',NULL),(1492,'STUD003',6,2.80000,'2026-04-09','Auto-distributed','2026-04-19 13:34:01',NULL),(1493,'STUD004',6,2.80000,'2026-04-09','Auto-distributed','2026-04-19 13:34:01',NULL),(1494,'STUD001',7,0.30000,'2026-04-09','Auto-distributed','2026-04-19 13:34:01',NULL),(1495,'STUD002',7,0.30000,'2026-04-09','Auto-distributed','2026-04-19 13:34:01',NULL),(1496,'STUD003',7,0.30000,'2026-04-09','Auto-distributed','2026-04-19 13:34:01',NULL),(1497,'STUD004',7,0.30000,'2026-04-09','Auto-distributed','2026-04-19 13:34:01',NULL),(1498,'STUD001',8,0.00157,'2026-04-09','Auto-distributed','2026-04-19 13:34:01',NULL),(1499,'STUD002',8,0.00157,'2026-04-09','Auto-distributed','2026-04-19 13:34:01',NULL),(1500,'STUD003',8,0.00157,'2026-04-09','Auto-distributed','2026-04-19 13:34:01',NULL),(1501,'STUD004',8,0.00157,'2026-04-09','Auto-distributed','2026-04-19 13:34:01',NULL),(1502,'STUD001',9,0.00293,'2026-04-09','Auto-distributed','2026-04-19 13:34:01',NULL),(1503,'STUD002',9,0.00293,'2026-04-09','Auto-distributed','2026-04-19 13:34:01',NULL),(1504,'STUD003',9,0.00293,'2026-04-09','Auto-distributed','2026-04-19 13:34:01',NULL),(1505,'STUD004',9,0.00293,'2026-04-09','Auto-distributed','2026-04-19 13:34:01',NULL),(1506,'STUD001',12,10.00000,'2026-04-09','Auto-distributed','2026-04-19 13:34:01',NULL),(1507,'STUD002',12,10.00000,'2026-04-09','Auto-distributed','2026-04-19 13:34:01',NULL),(1508,'STUD003',12,10.00000,'2026-04-09','Auto-distributed','2026-04-19 13:34:01',NULL),(1509,'STUD004',12,10.00000,'2026-04-09','Auto-distributed','2026-04-19 13:34:01',NULL),(1510,'STUD001',13,0.00333,'2026-04-09','Auto-distributed','2026-04-19 13:34:01',NULL),(1511,'STUD002',13,0.00333,'2026-04-09','Auto-distributed','2026-04-19 13:34:02',NULL),(1512,'STUD003',13,0.00333,'2026-04-09','Auto-distributed','2026-04-19 13:34:02',NULL),(1513,'STUD004',13,0.00333,'2026-04-09','Auto-distributed','2026-04-19 13:34:02',NULL),(1514,'STUD001',11,1.00000,'2026-04-09','Auto-distributed (2/week schedule)','2026-04-19 13:34:02',NULL),(1515,'STUD002',11,1.00000,'2026-04-09','Auto-distributed (2/week schedule)','2026-04-19 13:34:02',NULL),(1516,'STUD003',11,1.00000,'2026-04-09','Auto-distributed (2/week schedule)','2026-04-19 13:34:02',NULL),(1517,'STUD004',11,1.00000,'2026-04-09','Auto-distributed (2/week schedule)','2026-04-19 13:34:02',NULL),(1518,'STUD001',1,0.05490,'2026-04-10','Auto-distributed','2026-04-19 13:34:02',NULL),(1519,'STUD002',1,0.05490,'2026-04-10','Auto-distributed','2026-04-19 13:34:02',NULL),(1520,'STUD003',1,0.05490,'2026-04-10','Auto-distributed','2026-04-19 13:34:02',NULL),(1521,'STUD004',1,0.05490,'2026-04-10','Auto-distributed','2026-04-19 13:34:02',NULL),(1522,'STUD001',2,0.00360,'2026-04-10','Auto-distributed','2026-04-19 13:34:02',NULL),(1523,'STUD002',2,0.00360,'2026-04-10','Auto-distributed','2026-04-19 13:34:02',NULL),(1524,'STUD003',2,0.00360,'2026-04-10','Auto-distributed','2026-04-19 13:34:02',NULL),(1525,'STUD004',2,0.00360,'2026-04-10','Auto-distributed','2026-04-19 13:34:02',NULL),(1526,'STUD001',3,2.10000,'2026-04-10','Auto-distributed','2026-04-19 13:34:02',NULL),(1527,'STUD002',3,2.10000,'2026-04-10','Auto-distributed','2026-04-19 13:34:02',NULL),(1528,'STUD003',3,2.10000,'2026-04-10','Auto-distributed','2026-04-19 13:34:02',NULL),(1529,'STUD004',3,2.10000,'2026-04-10','Auto-distributed','2026-04-19 13:34:02',NULL),(1530,'STUD001',4,0.00230,'2026-04-10','Auto-distributed','2026-04-19 13:34:02',NULL),(1531,'STUD002',4,0.00230,'2026-04-10','Auto-distributed','2026-04-19 13:34:02',NULL),(1532,'STUD003',4,0.00230,'2026-04-10','Auto-distributed','2026-04-19 13:34:03',NULL),(1533,'STUD004',4,0.00230,'2026-04-10','Auto-distributed','2026-04-19 13:34:03',NULL),(1534,'STUD001',5,0.00400,'2026-04-10','Auto-distributed','2026-04-19 13:34:03',NULL),(1535,'STUD002',5,0.00400,'2026-04-10','Auto-distributed','2026-04-19 13:34:03',NULL),(1536,'STUD003',5,0.00400,'2026-04-10','Auto-distributed','2026-04-19 13:34:03',NULL),(1537,'STUD004',5,0.00400,'2026-04-10','Auto-distributed','2026-04-19 13:34:03',NULL),(1538,'STUD001',6,2.80000,'2026-04-10','Auto-distributed','2026-04-19 13:34:03',NULL),(1539,'STUD002',6,2.80000,'2026-04-10','Auto-distributed','2026-04-19 13:34:03',NULL),(1540,'STUD003',6,2.80000,'2026-04-10','Auto-distributed','2026-04-19 13:34:03',NULL),(1541,'STUD004',6,2.80000,'2026-04-10','Auto-distributed','2026-04-19 13:34:03',NULL),(1542,'STUD001',7,0.30000,'2026-04-10','Auto-distributed','2026-04-19 13:34:03',NULL),(1543,'STUD002',7,0.30000,'2026-04-10','Auto-distributed','2026-04-19 13:34:03',NULL),(1544,'STUD003',7,0.30000,'2026-04-10','Auto-distributed','2026-04-19 13:34:03',NULL),(1545,'STUD004',7,0.30000,'2026-04-10','Auto-distributed','2026-04-19 13:34:03',NULL),(1546,'STUD001',8,0.00157,'2026-04-10','Auto-distributed','2026-04-19 13:34:03',NULL),(1547,'STUD002',8,0.00157,'2026-04-10','Auto-distributed','2026-04-19 13:34:03',NULL),(1548,'STUD003',8,0.00157,'2026-04-10','Auto-distributed','2026-04-19 13:34:03',NULL),(1549,'STUD004',8,0.00157,'2026-04-10','Auto-distributed','2026-04-19 13:34:03',NULL),(1550,'STUD001',9,0.00293,'2026-04-10','Auto-distributed','2026-04-19 13:34:03',NULL),(1551,'STUD002',9,0.00293,'2026-04-10','Auto-distributed','2026-04-19 13:34:03',NULL),(1552,'STUD003',9,0.00293,'2026-04-10','Auto-distributed','2026-04-19 13:34:03',NULL),(1553,'STUD004',9,0.00293,'2026-04-10','Auto-distributed','2026-04-19 13:34:03',NULL),(1554,'STUD001',12,10.00000,'2026-04-10','Auto-distributed','2026-04-19 13:34:04',NULL),(1555,'STUD002',12,10.00000,'2026-04-10','Auto-distributed','2026-04-19 13:34:04',NULL),(1556,'STUD003',12,10.00000,'2026-04-10','Auto-distributed','2026-04-19 13:34:04',NULL),(1557,'STUD004',12,10.00000,'2026-04-10','Auto-distributed','2026-04-19 13:34:04',NULL),(1558,'STUD001',13,0.00333,'2026-04-10','Auto-distributed','2026-04-19 13:34:04',NULL),(1559,'STUD002',13,0.00333,'2026-04-10','Auto-distributed','2026-04-19 13:34:04',NULL),(1560,'STUD003',13,0.00333,'2026-04-10','Auto-distributed','2026-04-19 13:34:04',NULL),(1561,'STUD004',13,0.00333,'2026-04-10','Auto-distributed','2026-04-19 13:34:04',NULL),(1562,'STUD001',1,0.05490,'2026-04-11','Auto-distributed','2026-04-19 13:34:04',NULL),(1563,'STUD002',1,0.05490,'2026-04-11','Auto-distributed','2026-04-19 13:34:04',NULL),(1564,'STUD003',1,0.05490,'2026-04-11','Auto-distributed','2026-04-19 13:34:04',NULL),(1565,'STUD004',1,0.05490,'2026-04-11','Auto-distributed','2026-04-19 13:34:04',NULL),(1566,'STUD001',2,0.00360,'2026-04-11','Auto-distributed','2026-04-19 13:34:04',NULL),(1567,'STUD002',2,0.00360,'2026-04-11','Auto-distributed','2026-04-19 13:34:04',NULL),(1568,'STUD003',2,0.00360,'2026-04-11','Auto-distributed','2026-04-19 13:34:04',NULL),(1569,'STUD004',2,0.00360,'2026-04-11','Auto-distributed','2026-04-19 13:34:04',NULL),(1570,'STUD001',3,2.10000,'2026-04-11','Auto-distributed','2026-04-19 13:34:04',NULL),(1571,'STUD002',3,2.10000,'2026-04-11','Auto-distributed','2026-04-19 13:34:04',NULL),(1572,'STUD003',3,2.10000,'2026-04-11','Auto-distributed','2026-04-19 13:34:04',NULL),(1573,'STUD004',3,2.10000,'2026-04-11','Auto-distributed','2026-04-19 13:34:04',NULL),(1574,'STUD001',4,0.00230,'2026-04-11','Auto-distributed','2026-04-19 13:34:05',NULL),(1575,'STUD002',4,0.00230,'2026-04-11','Auto-distributed','2026-04-19 13:34:05',NULL),(1576,'STUD003',4,0.00230,'2026-04-11','Auto-distributed','2026-04-19 13:34:05',NULL),(1577,'STUD004',4,0.00230,'2026-04-11','Auto-distributed','2026-04-19 13:34:05',NULL),(1578,'STUD001',5,0.00400,'2026-04-11','Auto-distributed','2026-04-19 13:34:05',NULL),(1579,'STUD002',5,0.00400,'2026-04-11','Auto-distributed','2026-04-19 13:34:05',NULL),(1580,'STUD003',5,0.00400,'2026-04-11','Auto-distributed','2026-04-19 13:34:05',NULL),(1581,'STUD004',5,0.00400,'2026-04-11','Auto-distributed','2026-04-19 13:34:05',NULL),(1582,'STUD001',6,2.80000,'2026-04-11','Auto-distributed','2026-04-19 13:34:05',NULL),(1583,'STUD002',6,2.80000,'2026-04-11','Auto-distributed','2026-04-19 13:34:05',NULL),(1584,'STUD003',6,2.80000,'2026-04-11','Auto-distributed','2026-04-19 13:34:05',NULL),(1585,'STUD004',6,2.80000,'2026-04-11','Auto-distributed','2026-04-19 13:34:05',NULL),(1586,'STUD001',7,0.30000,'2026-04-11','Auto-distributed','2026-04-19 13:34:05',NULL),(1587,'STUD002',7,0.30000,'2026-04-11','Auto-distributed','2026-04-19 13:34:05',NULL),(1588,'STUD003',7,0.30000,'2026-04-11','Auto-distributed','2026-04-19 13:34:05',NULL),(1589,'STUD004',7,0.30000,'2026-04-11','Auto-distributed','2026-04-19 13:34:05',NULL),(1590,'STUD001',8,0.00157,'2026-04-11','Auto-distributed','2026-04-19 13:34:05',NULL),(1591,'STUD002',8,0.00157,'2026-04-11','Auto-distributed','2026-04-19 13:34:05',NULL),(1592,'STUD003',8,0.00157,'2026-04-11','Auto-distributed','2026-04-19 13:34:05',NULL),(1593,'STUD004',8,0.00157,'2026-04-11','Auto-distributed','2026-04-19 13:34:05',NULL),(1594,'STUD001',9,0.00293,'2026-04-11','Auto-distributed','2026-04-19 13:34:06',NULL),(1595,'STUD002',9,0.00293,'2026-04-11','Auto-distributed','2026-04-19 13:34:06',NULL),(1596,'STUD003',9,0.00293,'2026-04-11','Auto-distributed','2026-04-19 13:34:06',NULL),(1597,'STUD004',9,0.00293,'2026-04-11','Auto-distributed','2026-04-19 13:34:06',NULL),(1598,'STUD001',12,10.00000,'2026-04-11','Auto-distributed','2026-04-19 13:34:06',NULL),(1599,'STUD002',12,10.00000,'2026-04-11','Auto-distributed','2026-04-19 13:34:06',NULL),(1600,'STUD003',12,10.00000,'2026-04-11','Auto-distributed','2026-04-19 13:34:06',NULL),(1601,'STUD004',12,10.00000,'2026-04-11','Auto-distributed','2026-04-19 13:34:06',NULL),(1602,'STUD001',13,0.00333,'2026-04-11','Auto-distributed','2026-04-19 13:34:06',NULL),(1603,'STUD002',13,0.00333,'2026-04-11','Auto-distributed','2026-04-19 13:34:06',NULL),(1604,'STUD003',13,0.00333,'2026-04-11','Auto-distributed','2026-04-19 13:34:06',NULL),(1605,'STUD004',13,0.00333,'2026-04-11','Auto-distributed','2026-04-19 13:34:06',NULL),(1606,'STUD001',1,0.05490,'2026-04-13','Auto-distributed','2026-04-19 13:34:06',NULL),(1607,'STUD002',1,0.05490,'2026-04-13','Auto-distributed','2026-04-19 13:34:06',NULL),(1608,'STUD003',1,0.05490,'2026-04-13','Auto-distributed','2026-04-19 13:34:06',NULL),(1609,'STUD004',1,0.05490,'2026-04-13','Auto-distributed','2026-04-19 13:34:06',NULL),(1610,'STUD001',2,0.00360,'2026-04-13','Auto-distributed','2026-04-19 13:34:07',NULL),(1611,'STUD002',2,0.00360,'2026-04-13','Auto-distributed','2026-04-19 13:34:07',NULL),(1612,'STUD003',2,0.00360,'2026-04-13','Auto-distributed','2026-04-19 13:34:07',NULL),(1613,'STUD004',2,0.00360,'2026-04-13','Auto-distributed','2026-04-19 13:34:07',NULL),(1614,'STUD001',3,2.10000,'2026-04-13','Auto-distributed','2026-04-19 13:34:07',NULL),(1615,'STUD002',3,2.10000,'2026-04-13','Auto-distributed','2026-04-19 13:34:07',NULL),(1616,'STUD003',3,2.10000,'2026-04-13','Auto-distributed','2026-04-19 13:34:07',NULL),(1617,'STUD004',3,2.10000,'2026-04-13','Auto-distributed','2026-04-19 13:34:07',NULL),(1618,'STUD001',4,0.00230,'2026-04-13','Auto-distributed','2026-04-19 13:34:07',NULL),(1619,'STUD002',4,0.00230,'2026-04-13','Auto-distributed','2026-04-19 13:34:07',NULL),(1620,'STUD003',4,0.00230,'2026-04-13','Auto-distributed','2026-04-19 13:34:07',NULL),(1621,'STUD004',4,0.00230,'2026-04-13','Auto-distributed','2026-04-19 13:34:07',NULL),(1622,'STUD001',5,0.00400,'2026-04-13','Auto-distributed','2026-04-19 13:34:07',NULL),(1623,'STUD002',5,0.00400,'2026-04-13','Auto-distributed','2026-04-19 13:34:07',NULL),(1624,'STUD003',5,0.00400,'2026-04-13','Auto-distributed','2026-04-19 13:34:07',NULL),(1625,'STUD004',5,0.00400,'2026-04-13','Auto-distributed','2026-04-19 13:34:07',NULL),(1626,'STUD001',6,2.80000,'2026-04-13','Auto-distributed','2026-04-19 13:34:07',NULL),(1627,'STUD002',6,2.80000,'2026-04-13','Auto-distributed','2026-04-19 13:34:07',NULL),(1628,'STUD003',6,2.80000,'2026-04-13','Auto-distributed','2026-04-19 13:34:07',NULL),(1629,'STUD004',6,2.80000,'2026-04-13','Auto-distributed','2026-04-19 13:34:07',NULL),(1630,'STUD001',7,0.30000,'2026-04-13','Auto-distributed','2026-04-19 13:34:07',NULL),(1631,'STUD002',7,0.30000,'2026-04-13','Auto-distributed','2026-04-19 13:34:07',NULL),(1632,'STUD003',7,0.30000,'2026-04-13','Auto-distributed','2026-04-19 13:34:07',NULL),(1633,'STUD004',7,0.30000,'2026-04-13','Auto-distributed','2026-04-19 13:34:07',NULL),(1634,'STUD001',8,0.00157,'2026-04-13','Auto-distributed','2026-04-19 13:34:07',NULL),(1635,'STUD002',8,0.00157,'2026-04-13','Auto-distributed','2026-04-19 13:34:08',NULL),(1636,'STUD003',8,0.00157,'2026-04-13','Auto-distributed','2026-04-19 13:34:08',NULL),(1637,'STUD004',8,0.00157,'2026-04-13','Auto-distributed','2026-04-19 13:34:08',NULL),(1638,'STUD001',9,0.00293,'2026-04-13','Auto-distributed','2026-04-19 13:34:08',NULL),(1639,'STUD002',9,0.00293,'2026-04-13','Auto-distributed','2026-04-19 13:34:08',NULL),(1640,'STUD003',9,0.00293,'2026-04-13','Auto-distributed','2026-04-19 13:34:08',NULL),(1641,'STUD004',9,0.00293,'2026-04-13','Auto-distributed','2026-04-19 13:34:08',NULL),(1642,'STUD001',12,10.00000,'2026-04-13','Auto-distributed','2026-04-19 13:34:08',NULL),(1643,'STUD002',12,10.00000,'2026-04-13','Auto-distributed','2026-04-19 13:34:08',NULL),(1644,'STUD003',12,10.00000,'2026-04-13','Auto-distributed','2026-04-19 13:34:08',NULL),(1645,'STUD004',12,10.00000,'2026-04-13','Auto-distributed','2026-04-19 13:34:08',NULL),(1646,'STUD001',13,0.00333,'2026-04-13','Auto-distributed','2026-04-19 13:34:08',NULL),(1647,'STUD002',13,0.00333,'2026-04-13','Auto-distributed','2026-04-19 13:34:08',NULL),(1648,'STUD003',13,0.00333,'2026-04-13','Auto-distributed','2026-04-19 13:34:08',NULL),(1649,'STUD004',13,0.00333,'2026-04-13','Auto-distributed','2026-04-19 13:34:08',NULL),(1650,'STUD001',11,1.00000,'2026-04-13','Auto-distributed (2/week schedule)','2026-04-19 13:34:08',NULL),(1651,'STUD002',11,1.00000,'2026-04-13','Auto-distributed (2/week schedule)','2026-04-19 13:34:08',NULL),(1652,'STUD003',11,1.00000,'2026-04-13','Auto-distributed (2/week schedule)','2026-04-19 13:34:08',NULL),(1653,'STUD004',11,1.00000,'2026-04-13','Auto-distributed (2/week schedule)','2026-04-19 13:34:08',NULL),(1654,'STUD001',1,0.05490,'2026-04-14','Auto-distributed','2026-04-19 13:34:08',NULL),(1655,'STUD002',1,0.05490,'2026-04-14','Auto-distributed','2026-04-19 13:34:08',NULL),(1656,'STUD003',1,0.05490,'2026-04-14','Auto-distributed','2026-04-19 13:34:08',NULL),(1657,'STUD004',1,0.05490,'2026-04-14','Auto-distributed','2026-04-19 13:34:08',NULL),(1658,'STUD001',2,0.00360,'2026-04-14','Auto-distributed','2026-04-19 13:34:09',NULL),(1659,'STUD002',2,0.00360,'2026-04-14','Auto-distributed','2026-04-19 13:34:09',NULL),(1660,'STUD003',2,0.00360,'2026-04-14','Auto-distributed','2026-04-19 13:34:09',NULL),(1661,'STUD004',2,0.00360,'2026-04-14','Auto-distributed','2026-04-19 13:34:09',NULL),(1662,'STUD001',3,2.10000,'2026-04-14','Auto-distributed','2026-04-19 13:34:09',NULL),(1663,'STUD002',3,2.10000,'2026-04-14','Auto-distributed','2026-04-19 13:34:09',NULL),(1664,'STUD003',3,2.10000,'2026-04-14','Auto-distributed','2026-04-19 13:34:09',NULL),(1665,'STUD004',3,2.10000,'2026-04-14','Auto-distributed','2026-04-19 13:34:09',NULL),(1666,'STUD001',4,0.00230,'2026-04-14','Auto-distributed','2026-04-19 13:34:09',NULL),(1667,'STUD002',4,0.00230,'2026-04-14','Auto-distributed','2026-04-19 13:34:09',NULL),(1668,'STUD003',4,0.00230,'2026-04-14','Auto-distributed','2026-04-19 13:34:09',NULL),(1669,'STUD004',4,0.00230,'2026-04-14','Auto-distributed','2026-04-19 13:34:09',NULL),(1670,'STUD001',5,0.00400,'2026-04-14','Auto-distributed','2026-04-19 13:34:09',NULL),(1671,'STUD002',5,0.00400,'2026-04-14','Auto-distributed','2026-04-19 13:34:09',NULL),(1672,'STUD003',5,0.00400,'2026-04-14','Auto-distributed','2026-04-19 13:34:09',NULL),(1673,'STUD004',5,0.00400,'2026-04-14','Auto-distributed','2026-04-19 13:34:09',NULL),(1674,'STUD001',6,2.80000,'2026-04-14','Auto-distributed','2026-04-19 13:34:09',NULL),(1675,'STUD002',6,2.80000,'2026-04-14','Auto-distributed','2026-04-19 13:34:09',NULL),(1676,'STUD003',6,2.80000,'2026-04-14','Auto-distributed','2026-04-19 13:34:09',NULL),(1677,'STUD004',6,2.80000,'2026-04-14','Auto-distributed','2026-04-19 13:34:09',NULL),(1678,'STUD001',7,0.30000,'2026-04-14','Auto-distributed','2026-04-19 13:34:09',NULL),(1679,'STUD002',7,0.30000,'2026-04-14','Auto-distributed','2026-04-19 13:34:09',NULL),(1680,'STUD003',7,0.30000,'2026-04-14','Auto-distributed','2026-04-19 13:34:09',NULL),(1681,'STUD004',7,0.30000,'2026-04-14','Auto-distributed','2026-04-19 13:34:09',NULL),(1682,'STUD001',8,0.00157,'2026-04-14','Auto-distributed','2026-04-19 13:34:10',NULL),(1683,'STUD002',8,0.00157,'2026-04-14','Auto-distributed','2026-04-19 13:34:10',NULL),(1684,'STUD003',8,0.00157,'2026-04-14','Auto-distributed','2026-04-19 13:34:10',NULL),(1685,'STUD004',8,0.00157,'2026-04-14','Auto-distributed','2026-04-19 13:34:10',NULL),(1686,'STUD001',9,0.00293,'2026-04-14','Auto-distributed','2026-04-19 13:34:10',NULL),(1687,'STUD002',9,0.00293,'2026-04-14','Auto-distributed','2026-04-19 13:34:10',NULL),(1688,'STUD003',9,0.00293,'2026-04-14','Auto-distributed','2026-04-19 13:34:10',NULL),(1689,'STUD004',9,0.00293,'2026-04-14','Auto-distributed','2026-04-19 13:34:10',NULL),(1690,'STUD001',12,10.00000,'2026-04-14','Auto-distributed','2026-04-19 13:34:10',NULL),(1691,'STUD002',12,10.00000,'2026-04-14','Auto-distributed','2026-04-19 13:34:10',NULL),(1692,'STUD003',12,10.00000,'2026-04-14','Auto-distributed','2026-04-19 13:34:10',NULL),(1693,'STUD004',12,10.00000,'2026-04-14','Auto-distributed','2026-04-19 13:34:10',NULL),(1694,'STUD001',13,0.00333,'2026-04-14','Auto-distributed','2026-04-19 13:34:10',NULL),(1695,'STUD002',13,0.00333,'2026-04-14','Auto-distributed','2026-04-19 13:34:10',NULL),(1696,'STUD003',13,0.00333,'2026-04-14','Auto-distributed','2026-04-19 13:34:10',NULL),(1697,'STUD004',13,0.00333,'2026-04-14','Auto-distributed','2026-04-19 13:34:10',NULL),(1698,'STUD001',1,0.05490,'2026-04-15','Auto-distributed','2026-04-19 13:34:10',NULL),(1699,'STUD002',1,0.05490,'2026-04-15','Auto-distributed','2026-04-19 13:34:10',NULL),(1700,'STUD003',1,0.05490,'2026-04-15','Auto-distributed','2026-04-19 13:34:10',NULL),(1701,'STUD004',1,0.05490,'2026-04-15','Auto-distributed','2026-04-19 13:34:10',NULL),(1702,'STUD001',2,0.00360,'2026-04-15','Auto-distributed','2026-04-19 13:34:10',NULL),(1703,'STUD002',2,0.00360,'2026-04-15','Auto-distributed','2026-04-19 13:34:10',NULL),(1704,'STUD003',2,0.00360,'2026-04-15','Auto-distributed','2026-04-19 13:34:10',NULL),(1705,'STUD004',2,0.00360,'2026-04-15','Auto-distributed','2026-04-19 13:34:10',NULL),(1706,'STUD001',3,2.10000,'2026-04-15','Auto-distributed','2026-04-19 13:34:11',NULL),(1707,'STUD002',3,2.10000,'2026-04-15','Auto-distributed','2026-04-19 13:34:11',NULL),(1708,'STUD003',3,2.10000,'2026-04-15','Auto-distributed','2026-04-19 13:34:11',NULL),(1709,'STUD004',3,2.10000,'2026-04-15','Auto-distributed','2026-04-19 13:34:11',NULL),(1710,'STUD001',4,0.00230,'2026-04-15','Auto-distributed','2026-04-19 13:34:11',NULL),(1711,'STUD002',4,0.00230,'2026-04-15','Auto-distributed','2026-04-19 13:34:11',NULL),(1712,'STUD003',4,0.00230,'2026-04-15','Auto-distributed','2026-04-19 13:34:11',NULL),(1713,'STUD004',4,0.00230,'2026-04-15','Auto-distributed','2026-04-19 13:34:11',NULL),(1714,'STUD001',5,0.00400,'2026-04-15','Auto-distributed','2026-04-19 13:34:11',NULL),(1715,'STUD002',5,0.00400,'2026-04-15','Auto-distributed','2026-04-19 13:34:11',NULL),(1716,'STUD003',5,0.00400,'2026-04-15','Auto-distributed','2026-04-19 13:34:11',NULL),(1717,'STUD004',5,0.00400,'2026-04-15','Auto-distributed','2026-04-19 13:34:11',NULL),(1718,'STUD001',6,2.80000,'2026-04-15','Auto-distributed','2026-04-19 13:34:11',NULL),(1719,'STUD002',6,2.80000,'2026-04-15','Auto-distributed','2026-04-19 13:34:11',NULL),(1720,'STUD003',6,2.80000,'2026-04-15','Auto-distributed','2026-04-19 13:34:11',NULL),(1721,'STUD004',6,2.80000,'2026-04-15','Auto-distributed','2026-04-19 13:34:11',NULL),(1722,'STUD001',8,0.00157,'2026-04-15','Auto-distributed','2026-04-19 13:34:11',NULL),(1723,'STUD002',8,0.00157,'2026-04-15','Auto-distributed','2026-04-19 13:34:11',NULL),(1724,'STUD003',8,0.00157,'2026-04-15','Auto-distributed','2026-04-19 13:34:11',NULL),(1725,'STUD004',8,0.00157,'2026-04-15','Auto-distributed','2026-04-19 13:34:11',NULL),(1726,'STUD001',9,0.00293,'2026-04-15','Auto-distributed','2026-04-19 13:34:11',NULL),(1727,'STUD002',9,0.00293,'2026-04-15','Auto-distributed','2026-04-19 13:34:11',NULL),(1728,'STUD003',9,0.00293,'2026-04-15','Auto-distributed','2026-04-19 13:34:12',NULL),(1729,'STUD004',9,0.00293,'2026-04-15','Auto-distributed','2026-04-19 13:34:12',NULL),(1730,'STUD001',12,10.00000,'2026-04-15','Auto-distributed','2026-04-19 13:34:12',NULL),(1731,'STUD002',12,10.00000,'2026-04-15','Auto-distributed','2026-04-19 13:34:12',NULL),(1732,'STUD003',12,10.00000,'2026-04-15','Auto-distributed','2026-04-19 13:34:12',NULL),(1733,'STUD004',12,10.00000,'2026-04-15','Auto-distributed','2026-04-19 13:34:12',NULL),(1734,'STUD001',13,0.00333,'2026-04-15','Auto-distributed','2026-04-19 13:34:12',NULL),(1735,'STUD002',13,0.00333,'2026-04-15','Auto-distributed','2026-04-19 13:34:12',NULL),(1736,'STUD003',13,0.00333,'2026-04-15','Auto-distributed','2026-04-19 13:34:12',NULL),(1737,'STUD004',13,0.00333,'2026-04-15','Auto-distributed','2026-04-19 13:34:12',NULL),(1738,'STUD001',1,0.05490,'2026-04-16','Auto-distributed','2026-04-19 13:34:12',NULL),(1739,'STUD002',1,0.05490,'2026-04-16','Auto-distributed','2026-04-19 13:34:12',NULL),(1740,'STUD003',1,0.05490,'2026-04-16','Auto-distributed','2026-04-19 13:34:12',NULL),(1741,'STUD004',1,0.05490,'2026-04-16','Auto-distributed','2026-04-19 13:34:12',NULL),(1742,'STUD001',2,0.00360,'2026-04-16','Auto-distributed','2026-04-19 13:34:12',NULL),(1743,'STUD002',2,0.00360,'2026-04-16','Auto-distributed','2026-04-19 13:34:12',NULL),(1744,'STUD003',2,0.00360,'2026-04-16','Auto-distributed','2026-04-19 13:34:12',NULL),(1745,'STUD004',2,0.00360,'2026-04-16','Auto-distributed','2026-04-19 13:34:12',NULL),(1746,'STUD001',3,2.10000,'2026-04-16','Auto-distributed','2026-04-19 13:34:12',NULL),(1747,'STUD002',3,2.10000,'2026-04-16','Auto-distributed','2026-04-19 13:34:12',NULL),(1748,'STUD003',3,2.10000,'2026-04-16','Auto-distributed','2026-04-19 13:34:12',NULL),(1749,'STUD004',3,2.10000,'2026-04-16','Auto-distributed','2026-04-19 13:34:12',NULL),(1750,'STUD001',4,0.00230,'2026-04-16','Auto-distributed','2026-04-19 13:34:13',NULL),(1751,'STUD002',4,0.00230,'2026-04-16','Auto-distributed','2026-04-19 13:34:13',NULL),(1752,'STUD003',4,0.00230,'2026-04-16','Auto-distributed','2026-04-19 13:34:13',NULL),(1753,'STUD004',4,0.00230,'2026-04-16','Auto-distributed','2026-04-19 13:34:13',NULL),(1754,'STUD001',5,0.00400,'2026-04-16','Auto-distributed','2026-04-19 13:34:13',NULL),(1755,'STUD002',5,0.00400,'2026-04-16','Auto-distributed','2026-04-19 13:34:13',NULL),(1756,'STUD003',5,0.00400,'2026-04-16','Auto-distributed','2026-04-19 13:34:13',NULL),(1757,'STUD004',5,0.00400,'2026-04-16','Auto-distributed','2026-04-19 13:34:13',NULL),(1758,'STUD001',6,2.80000,'2026-04-16','Auto-distributed','2026-04-19 13:34:13',NULL),(1759,'STUD002',6,2.80000,'2026-04-16','Auto-distributed','2026-04-19 13:34:13',NULL),(1760,'STUD003',6,2.80000,'2026-04-16','Auto-distributed','2026-04-19 13:34:13',NULL),(1761,'STUD004',6,2.80000,'2026-04-16','Auto-distributed','2026-04-19 13:34:13',NULL),(1762,'STUD001',8,0.00157,'2026-04-16','Auto-distributed','2026-04-19 13:34:13',NULL),(1763,'STUD002',8,0.00157,'2026-04-16','Auto-distributed','2026-04-19 13:34:13',NULL),(1764,'STUD003',8,0.00157,'2026-04-16','Auto-distributed','2026-04-19 13:34:13',NULL),(1765,'STUD004',8,0.00157,'2026-04-16','Auto-distributed','2026-04-19 13:34:13',NULL),(1766,'STUD001',9,0.00293,'2026-04-16','Auto-distributed','2026-04-19 13:34:13',NULL),(1767,'STUD002',9,0.00293,'2026-04-16','Auto-distributed','2026-04-19 13:34:13',NULL),(1768,'STUD003',9,0.00293,'2026-04-16','Auto-distributed','2026-04-19 13:34:13',NULL),(1769,'STUD004',9,0.00293,'2026-04-16','Auto-distributed','2026-04-19 13:34:13',NULL),(1770,'STUD001',12,10.00000,'2026-04-16','Auto-distributed','2026-04-19 13:34:13',NULL),(1771,'STUD002',12,10.00000,'2026-04-16','Auto-distributed','2026-04-19 13:34:13',NULL),(1772,'STUD003',12,10.00000,'2026-04-16','Auto-distributed','2026-04-19 13:34:13',NULL),(1773,'STUD004',12,10.00000,'2026-04-16','Auto-distributed','2026-04-19 13:34:13',NULL),(1774,'STUD001',13,0.00333,'2026-04-16','Auto-distributed','2026-04-19 13:34:14',NULL),(1775,'STUD002',13,0.00333,'2026-04-16','Auto-distributed','2026-04-19 13:34:14',NULL),(1776,'STUD003',13,0.00333,'2026-04-16','Auto-distributed','2026-04-19 13:34:14',NULL),(1777,'STUD004',13,0.00333,'2026-04-16','Auto-distributed','2026-04-19 13:34:14',NULL),(1778,'STUD001',11,1.00000,'2026-04-16','Auto-distributed (2/week schedule)','2026-04-19 13:34:14',NULL),(1779,'STUD002',11,1.00000,'2026-04-16','Auto-distributed (2/week schedule)','2026-04-19 13:34:14',NULL),(1780,'STUD003',11,1.00000,'2026-04-16','Auto-distributed (2/week schedule)','2026-04-19 13:34:14',NULL),(1781,'STUD004',11,1.00000,'2026-04-16','Auto-distributed (2/week schedule)','2026-04-19 13:34:14',NULL),(1782,'STUD001',1,0.05490,'2026-04-17','Auto-distributed','2026-04-19 13:34:14',NULL),(1783,'STUD002',1,0.05490,'2026-04-17','Auto-distributed','2026-04-19 13:34:14',NULL),(1784,'STUD003',1,0.05490,'2026-04-17','Auto-distributed','2026-04-19 13:34:14',NULL),(1785,'STUD004',1,0.05490,'2026-04-17','Auto-distributed','2026-04-19 13:34:14',NULL),(1786,'STUD001',2,0.00360,'2026-04-17','Auto-distributed','2026-04-19 13:34:14',NULL),(1787,'STUD002',2,0.00360,'2026-04-17','Auto-distributed','2026-04-19 13:34:14',NULL),(1788,'STUD003',2,0.00360,'2026-04-17','Auto-distributed','2026-04-19 13:34:14',NULL),(1789,'STUD004',2,0.00360,'2026-04-17','Auto-distributed','2026-04-19 13:34:14',NULL),(1790,'STUD001',3,2.10000,'2026-04-17','Auto-distributed','2026-04-19 13:34:14',NULL),(1791,'STUD002',3,2.10000,'2026-04-17','Auto-distributed','2026-04-19 13:34:14',NULL),(1792,'STUD003',3,2.10000,'2026-04-17','Auto-distributed','2026-04-19 13:34:14',NULL),(1793,'STUD004',3,2.10000,'2026-04-17','Auto-distributed','2026-04-19 13:34:14',NULL),(1794,'STUD001',4,0.00230,'2026-04-17','Auto-distributed','2026-04-19 13:34:14',NULL),(1795,'STUD002',4,0.00230,'2026-04-17','Auto-distributed','2026-04-19 13:34:14',NULL),(1796,'STUD003',4,0.00230,'2026-04-17','Auto-distributed','2026-04-19 13:34:14',NULL),(1797,'STUD004',4,0.00230,'2026-04-17','Auto-distributed','2026-04-19 13:34:15',NULL),(1798,'STUD001',5,0.00400,'2026-04-17','Auto-distributed','2026-04-19 13:34:15',NULL),(1799,'STUD002',5,0.00400,'2026-04-17','Auto-distributed','2026-04-19 13:34:15',NULL),(1800,'STUD003',5,0.00400,'2026-04-17','Auto-distributed','2026-04-19 13:34:15',NULL),(1801,'STUD004',5,0.00400,'2026-04-17','Auto-distributed','2026-04-19 13:34:15',NULL),(1802,'STUD001',6,2.80000,'2026-04-17','Auto-distributed','2026-04-19 13:34:15',NULL),(1803,'STUD002',6,2.80000,'2026-04-17','Auto-distributed','2026-04-19 13:34:15',NULL),(1804,'STUD003',6,2.80000,'2026-04-17','Auto-distributed','2026-04-19 13:34:15',NULL),(1805,'STUD004',6,2.80000,'2026-04-17','Auto-distributed','2026-04-19 13:34:15',NULL),(1806,'STUD001',8,0.00157,'2026-04-17','Auto-distributed','2026-04-19 13:34:15',NULL),(1807,'STUD002',8,0.00157,'2026-04-17','Auto-distributed','2026-04-19 13:34:15',NULL),(1808,'STUD003',8,0.00157,'2026-04-17','Auto-distributed','2026-04-19 13:34:15',NULL),(1809,'STUD004',8,0.00157,'2026-04-17','Auto-distributed','2026-04-19 13:34:15',NULL),(1810,'STUD001',9,0.00293,'2026-04-17','Auto-distributed','2026-04-19 13:34:15',NULL),(1811,'STUD002',9,0.00293,'2026-04-17','Auto-distributed','2026-04-19 13:34:15',NULL),(1812,'STUD003',9,0.00293,'2026-04-17','Auto-distributed','2026-04-19 13:34:15',NULL),(1813,'STUD004',9,0.00293,'2026-04-17','Auto-distributed','2026-04-19 13:34:15',NULL),(1814,'STUD001',12,10.00000,'2026-04-17','Auto-distributed','2026-04-19 13:34:15',NULL),(1815,'STUD002',12,10.00000,'2026-04-17','Auto-distributed','2026-04-19 13:34:15',NULL),(1816,'STUD003',12,10.00000,'2026-04-17','Auto-distributed','2026-04-19 13:34:15',NULL),(1817,'STUD004',12,10.00000,'2026-04-17','Auto-distributed','2026-04-19 13:34:15',NULL),(1818,'STUD001',13,0.00333,'2026-04-17','Auto-distributed','2026-04-19 13:34:15',NULL),(1819,'STUD002',13,0.00333,'2026-04-17','Auto-distributed','2026-04-19 13:34:16',NULL),(1820,'STUD003',13,0.00333,'2026-04-17','Auto-distributed','2026-04-19 13:34:16',NULL),(1821,'STUD004',13,0.00333,'2026-04-17','Auto-distributed','2026-04-19 13:34:16',NULL),(1822,'STUD001',1,0.05490,'2026-04-18','Auto-distributed','2026-04-19 13:34:16',NULL),(1823,'STUD002',1,0.05490,'2026-04-18','Auto-distributed','2026-04-19 13:34:16',NULL),(1824,'STUD003',1,0.05490,'2026-04-18','Auto-distributed','2026-04-19 13:34:16',NULL),(1825,'STUD004',1,0.05490,'2026-04-18','Auto-distributed','2026-04-19 13:34:16',NULL),(1826,'STUD001',2,0.00360,'2026-04-18','Auto-distributed','2026-04-19 13:34:16',NULL),(1827,'STUD002',2,0.00360,'2026-04-18','Auto-distributed','2026-04-19 13:34:16',NULL),(1828,'STUD003',2,0.00360,'2026-04-18','Auto-distributed','2026-04-19 13:34:16',NULL),(1829,'STUD004',2,0.00360,'2026-04-18','Auto-distributed','2026-04-19 13:34:16',NULL),(1830,'STUD001',3,2.10000,'2026-04-18','Auto-distributed','2026-04-19 13:34:16',NULL),(1831,'STUD002',3,2.10000,'2026-04-18','Auto-distributed','2026-04-19 13:34:16',NULL),(1832,'STUD003',3,2.10000,'2026-04-18','Auto-distributed','2026-04-19 13:34:16',NULL),(1833,'STUD004',3,2.10000,'2026-04-18','Auto-distributed','2026-04-19 13:34:16',NULL),(1834,'STUD001',4,0.00230,'2026-04-18','Auto-distributed','2026-04-19 13:34:16',NULL),(1835,'STUD002',4,0.00230,'2026-04-18','Auto-distributed','2026-04-19 13:34:16',NULL),(1836,'STUD003',4,0.00230,'2026-04-18','Auto-distributed','2026-04-19 13:34:16',NULL),(1837,'STUD004',4,0.00230,'2026-04-18','Auto-distributed','2026-04-19 13:34:16',NULL),(1838,'STUD001',5,0.00400,'2026-04-18','Auto-distributed','2026-04-19 13:34:16',NULL),(1839,'STUD002',5,0.00400,'2026-04-18','Auto-distributed','2026-04-19 13:34:16',NULL),(1840,'STUD003',5,0.00400,'2026-04-18','Auto-distributed','2026-04-19 13:34:16',NULL),(1841,'STUD004',5,0.00400,'2026-04-18','Auto-distributed','2026-04-19 13:34:16',NULL),(1842,'STUD001',6,2.80000,'2026-04-18','Auto-distributed','2026-04-19 13:34:17',NULL),(1843,'STUD002',6,2.80000,'2026-04-18','Auto-distributed','2026-04-19 13:34:17',NULL),(1844,'STUD003',6,2.80000,'2026-04-18','Auto-distributed','2026-04-19 13:34:17',NULL),(1845,'STUD004',6,2.80000,'2026-04-18','Auto-distributed','2026-04-19 13:34:17',NULL),(1846,'STUD001',8,0.00157,'2026-04-18','Auto-distributed','2026-04-19 13:34:17',NULL),(1847,'STUD002',8,0.00157,'2026-04-18','Auto-distributed','2026-04-19 13:34:17',NULL),(1848,'STUD003',8,0.00157,'2026-04-18','Auto-distributed','2026-04-19 13:34:17',NULL),(1849,'STUD004',8,0.00157,'2026-04-18','Auto-distributed','2026-04-19 13:34:17',NULL),(1850,'STUD001',9,0.00293,'2026-04-18','Auto-distributed','2026-04-19 13:34:17',NULL),(1851,'STUD002',9,0.00293,'2026-04-18','Auto-distributed','2026-04-19 13:34:17',NULL),(1852,'STUD003',9,0.00293,'2026-04-18','Auto-distributed','2026-04-19 13:34:17',NULL),(1853,'STUD004',9,0.00293,'2026-04-18','Auto-distributed','2026-04-19 13:34:17',NULL),(1854,'STUD001',12,10.00000,'2026-04-18','Auto-distributed','2026-04-19 13:34:17',NULL),(1855,'STUD002',12,10.00000,'2026-04-18','Auto-distributed','2026-04-19 13:34:17',NULL),(1856,'STUD003',12,10.00000,'2026-04-18','Auto-distributed','2026-04-19 13:34:17',NULL),(1857,'STUD004',12,10.00000,'2026-04-18','Auto-distributed','2026-04-19 13:34:17',NULL),(1858,'STUD001',13,0.00333,'2026-04-18','Auto-distributed','2026-04-19 13:34:17',NULL),(1859,'STUD002',13,0.00333,'2026-04-18','Auto-distributed','2026-04-19 13:34:17',NULL),(1860,'STUD003',13,0.00333,'2026-04-18','Auto-distributed','2026-04-19 13:34:17',NULL),(1861,'STUD004',13,0.00333,'2026-04-18','Auto-distributed','2026-04-19 13:34:17',NULL),(1862,'STUD001',1,0.05490,'2026-04-19','Auto-distributed','2026-04-19 13:34:18',NULL),(1863,'STUD002',1,0.05490,'2026-04-19','Auto-distributed','2026-04-19 13:34:18',NULL),(1864,'STUD003',1,0.05490,'2026-04-19','Auto-distributed','2026-04-19 13:34:18',NULL),(1865,'STUD004',1,0.05490,'2026-04-19','Auto-distributed','2026-04-19 13:34:18',NULL),(1866,'STUD001',2,0.00360,'2026-04-19','Auto-distributed','2026-04-19 13:34:18',NULL),(1867,'STUD002',2,0.00360,'2026-04-19','Auto-distributed','2026-04-19 13:34:18',NULL),(1868,'STUD003',2,0.00360,'2026-04-19','Auto-distributed','2026-04-19 13:34:18',NULL),(1869,'STUD004',2,0.00360,'2026-04-19','Auto-distributed','2026-04-19 13:34:18',NULL),(1870,'STUD001',3,2.10000,'2026-04-19','Auto-distributed','2026-04-19 13:34:18',NULL),(1871,'STUD002',3,2.10000,'2026-04-19','Auto-distributed','2026-04-19 13:34:18',NULL),(1872,'STUD003',3,2.10000,'2026-04-19','Auto-distributed','2026-04-19 13:34:18',NULL),(1873,'STUD004',3,2.10000,'2026-04-19','Auto-distributed','2026-04-19 13:34:18',NULL),(1874,'STUD001',4,0.00230,'2026-04-19','Auto-distributed','2026-04-19 13:34:18',NULL),(1875,'STUD002',4,0.00230,'2026-04-19','Auto-distributed','2026-04-19 13:34:18',NULL),(1876,'STUD003',4,0.00230,'2026-04-19','Auto-distributed','2026-04-19 13:34:18',NULL),(1877,'STUD004',4,0.00230,'2026-04-19','Auto-distributed','2026-04-19 13:34:18',NULL),(1878,'STUD001',5,0.00400,'2026-04-19','Auto-distributed','2026-04-19 13:34:18',NULL),(1879,'STUD002',5,0.00400,'2026-04-19','Auto-distributed','2026-04-19 13:34:18',NULL),(1880,'STUD003',5,0.00400,'2026-04-19','Auto-distributed','2026-04-19 13:34:18',NULL),(1881,'STUD004',5,0.00400,'2026-04-19','Auto-distributed','2026-04-19 13:34:18',NULL),(1882,'STUD001',6,2.80000,'2026-04-19','Auto-distributed','2026-04-19 13:34:18',NULL),(1883,'STUD002',6,2.80000,'2026-04-19','Auto-distributed','2026-04-19 13:34:18',NULL),(1884,'STUD003',6,2.80000,'2026-04-19','Auto-distributed','2026-04-19 13:34:18',NULL),(1885,'STUD004',6,2.80000,'2026-04-19','Auto-distributed','2026-04-19 13:34:18',NULL),(1886,'STUD001',8,0.00157,'2026-04-19','Auto-distributed','2026-04-19 13:34:19',NULL),(1887,'STUD002',8,0.00157,'2026-04-19','Auto-distributed','2026-04-19 13:34:19',NULL),(1888,'STUD003',8,0.00157,'2026-04-19','Auto-distributed','2026-04-19 13:34:19',NULL),(1889,'STUD004',8,0.00157,'2026-04-19','Auto-distributed','2026-04-19 13:34:19',NULL),(1890,'STUD001',9,0.00293,'2026-04-19','Auto-distributed','2026-04-19 13:34:19',NULL),(1891,'STUD002',9,0.00293,'2026-04-19','Auto-distributed','2026-04-19 13:34:19',NULL),(1892,'STUD003',9,0.00293,'2026-04-19','Auto-distributed','2026-04-19 13:34:19',NULL),(1893,'STUD004',9,0.00293,'2026-04-19','Auto-distributed','2026-04-19 13:34:19',NULL),(1894,'STUD001',12,10.00000,'2026-04-19','Auto-distributed','2026-04-19 13:34:19',NULL),(1895,'STUD002',12,10.00000,'2026-04-19','Auto-distributed','2026-04-19 13:34:19',NULL),(1896,'STUD003',12,10.00000,'2026-04-19','Auto-distributed','2026-04-19 13:34:19',NULL),(1897,'STUD004',12,10.00000,'2026-04-19','Auto-distributed','2026-04-19 13:34:19',NULL),(1898,'STUD001',13,0.00333,'2026-04-19','Auto-distributed','2026-04-19 13:34:19',NULL),(1899,'STUD002',13,0.00333,'2026-04-19','Auto-distributed','2026-04-19 13:34:19',NULL),(1900,'STUD003',13,0.00333,'2026-04-19','Auto-distributed','2026-04-19 13:34:19',NULL),(1901,'STUD004',13,0.00333,'2026-04-19','Auto-distributed','2026-04-19 13:34:19',NULL),(1902,'STUD003',1,0.05490,'2026-04-23','Auto-distributed','2026-04-23 08:39:32',NULL),(1903,'STUD004',1,0.05490,'2026-04-23','Auto-distributed','2026-04-23 08:39:32',NULL),(1904,'STUD005',1,0.05490,'2026-04-23','Auto-distributed','2026-04-23 08:39:32',NULL),(1905,'STUD006',1,0.05490,'2026-04-23','Auto-distributed','2026-04-23 08:39:32',NULL),(1906,'STUD007',1,0.05490,'2026-04-23','Auto-distributed','2026-04-23 08:39:32',NULL),(1907,'STUD008',1,0.05490,'2026-04-23','Auto-distributed','2026-04-23 08:39:32',NULL),(1908,'STUD012',1,0.05490,'2026-04-23','Auto-distributed','2026-04-23 08:39:32',NULL),(1909,'STUD014',1,0.05490,'2026-04-23','Auto-distributed','2026-04-23 08:39:32',NULL),(1910,'STUD021',1,0.05490,'2026-04-23','Auto-distributed','2026-04-23 08:39:32',NULL),(1911,'STUD003',2,0.00360,'2026-04-23','Auto-distributed','2026-04-23 08:39:32',NULL),(1912,'STUD004',2,0.00360,'2026-04-23','Auto-distributed','2026-04-23 08:39:33',NULL),(1913,'STUD005',2,0.00360,'2026-04-23','Auto-distributed','2026-04-23 08:39:33',NULL),(1914,'STUD006',2,0.00360,'2026-04-23','Auto-distributed','2026-04-23 08:39:33',NULL),(1915,'STUD007',2,0.00360,'2026-04-23','Auto-distributed','2026-04-23 08:39:33',NULL),(1916,'STUD008',2,0.00360,'2026-04-23','Auto-distributed','2026-04-23 08:39:33',NULL),(1917,'STUD012',2,0.00360,'2026-04-23','Auto-distributed','2026-04-23 08:39:33',NULL),(1918,'STUD014',2,0.00360,'2026-04-23','Auto-distributed','2026-04-23 08:39:33',NULL),(1919,'STUD021',2,0.00360,'2026-04-23','Auto-distributed','2026-04-23 08:39:33',NULL),(1920,'STUD003',3,2.10000,'2026-04-23','Auto-distributed','2026-04-23 08:39:33',NULL),(1921,'STUD004',3,2.10000,'2026-04-23','Auto-distributed','2026-04-23 08:39:33',NULL),(1922,'STUD005',3,2.10000,'2026-04-23','Auto-distributed','2026-04-23 08:39:33',NULL),(1923,'STUD006',3,2.10000,'2026-04-23','Auto-distributed','2026-04-23 08:39:33',NULL),(1924,'STUD007',3,2.10000,'2026-04-23','Auto-distributed','2026-04-23 08:39:33',NULL),(1925,'STUD008',3,2.10000,'2026-04-23','Auto-distributed','2026-04-23 08:39:33',NULL),(1926,'STUD012',3,2.10000,'2026-04-23','Auto-distributed','2026-04-23 08:39:33',NULL),(1927,'STUD014',3,2.10000,'2026-04-23','Auto-distributed','2026-04-23 08:39:33',NULL),(1928,'STUD021',3,2.10000,'2026-04-23','Auto-distributed','2026-04-23 08:39:33',NULL),(1929,'STUD003',4,0.00230,'2026-04-23','Auto-distributed','2026-04-23 08:39:33',NULL),(1930,'STUD004',4,0.00230,'2026-04-23','Auto-distributed','2026-04-23 08:39:33',NULL),(1931,'STUD005',4,0.00230,'2026-04-23','Auto-distributed','2026-04-23 08:39:33',NULL),(1932,'STUD006',4,0.00230,'2026-04-23','Auto-distributed','2026-04-23 08:39:34',NULL),(1933,'STUD007',4,0.00230,'2026-04-23','Auto-distributed','2026-04-23 08:39:34',NULL),(1934,'STUD008',4,0.00230,'2026-04-23','Auto-distributed','2026-04-23 08:39:34',NULL),(1935,'STUD012',4,0.00230,'2026-04-23','Auto-distributed','2026-04-23 08:39:34',NULL),(1936,'STUD014',4,0.00230,'2026-04-23','Auto-distributed','2026-04-23 08:39:34',NULL),(1937,'STUD021',4,0.00230,'2026-04-23','Auto-distributed','2026-04-23 08:39:34',NULL),(1938,'STUD003',5,0.00400,'2026-04-23','Auto-distributed','2026-04-23 08:39:34',NULL),(1939,'STUD004',5,0.00400,'2026-04-23','Auto-distributed','2026-04-23 08:39:34',NULL),(1940,'STUD005',5,0.00400,'2026-04-23','Auto-distributed','2026-04-23 08:39:34',NULL),(1941,'STUD006',5,0.00400,'2026-04-23','Auto-distributed','2026-04-23 08:39:34',NULL),(1942,'STUD007',5,0.00400,'2026-04-23','Auto-distributed','2026-04-23 08:39:34',NULL),(1943,'STUD008',5,0.00400,'2026-04-23','Auto-distributed','2026-04-23 08:39:34',NULL),(1944,'STUD012',5,0.00400,'2026-04-23','Auto-distributed','2026-04-23 08:39:34',NULL),(1945,'STUD014',5,0.00400,'2026-04-23','Auto-distributed','2026-04-23 08:39:34',NULL),(1946,'STUD021',5,0.00400,'2026-04-23','Auto-distributed','2026-04-23 08:39:34',NULL),(1947,'STUD003',6,2.80000,'2026-04-23','Auto-distributed','2026-04-23 08:39:34',NULL),(1948,'STUD004',6,2.80000,'2026-04-23','Auto-distributed','2026-04-23 08:39:34',NULL),(1949,'STUD005',6,2.80000,'2026-04-23','Auto-distributed','2026-04-23 08:39:34',NULL),(1950,'STUD006',6,2.80000,'2026-04-23','Auto-distributed','2026-04-23 08:39:34',NULL),(1951,'STUD007',6,2.80000,'2026-04-23','Auto-distributed','2026-04-23 08:39:34',NULL),(1952,'STUD008',6,2.80000,'2026-04-23','Auto-distributed','2026-04-23 08:39:34',NULL),(1953,'STUD012',6,2.80000,'2026-04-23','Auto-distributed','2026-04-23 08:39:34',NULL),(1954,'STUD014',6,2.80000,'2026-04-23','Auto-distributed','2026-04-23 08:39:35',NULL),(1955,'STUD021',6,2.80000,'2026-04-23','Auto-distributed','2026-04-23 08:39:35',NULL),(1956,'STUD003',8,0.00157,'2026-04-23','Auto-distributed','2026-04-23 08:39:35',NULL),(1957,'STUD004',8,0.00157,'2026-04-23','Auto-distributed','2026-04-23 08:39:35',NULL),(1958,'STUD005',8,0.00157,'2026-04-23','Auto-distributed','2026-04-23 08:39:35',NULL),(1959,'STUD006',8,0.00157,'2026-04-23','Auto-distributed','2026-04-23 08:39:35',NULL),(1960,'STUD007',8,0.00157,'2026-04-23','Auto-distributed','2026-04-23 08:39:35',NULL),(1961,'STUD008',8,0.00157,'2026-04-23','Auto-distributed','2026-04-23 08:39:35',NULL),(1962,'STUD012',8,0.00157,'2026-04-23','Auto-distributed','2026-04-23 08:39:35',NULL),(1963,'STUD014',8,0.00157,'2026-04-23','Auto-distributed','2026-04-23 08:39:35',NULL),(1964,'STUD021',8,0.00157,'2026-04-23','Auto-distributed','2026-04-23 08:39:35',NULL),(1965,'STUD003',9,0.00293,'2026-04-23','Auto-distributed','2026-04-23 08:39:35',NULL),(1966,'STUD004',9,0.00293,'2026-04-23','Auto-distributed','2026-04-23 08:39:35',NULL),(1967,'STUD005',9,0.00293,'2026-04-23','Auto-distributed','2026-04-23 08:39:35',NULL),(1968,'STUD006',9,0.00293,'2026-04-23','Auto-distributed','2026-04-23 08:39:35',NULL),(1969,'STUD007',9,0.00293,'2026-04-23','Auto-distributed','2026-04-23 08:39:35',NULL),(1970,'STUD008',9,0.00293,'2026-04-23','Auto-distributed','2026-04-23 08:39:35',NULL),(1971,'STUD012',9,0.00293,'2026-04-23','Auto-distributed','2026-04-23 08:39:35',NULL),(1972,'STUD014',9,0.00293,'2026-04-23','Auto-distributed','2026-04-23 08:39:35',NULL),(1973,'STUD021',9,0.00293,'2026-04-23','Auto-distributed','2026-04-23 08:39:35',NULL),(1974,'STUD003',12,10.00000,'2026-04-23','Auto-distributed','2026-04-23 08:39:35',NULL),(1975,'STUD004',12,10.00000,'2026-04-23','Auto-distributed','2026-04-23 08:39:35',NULL),(1976,'STUD005',12,10.00000,'2026-04-23','Auto-distributed','2026-04-23 08:39:35',NULL),(1977,'STUD006',12,10.00000,'2026-04-23','Auto-distributed','2026-04-23 08:39:35',NULL),(1978,'STUD007',12,10.00000,'2026-04-23','Auto-distributed','2026-04-23 08:39:35',NULL),(1979,'STUD008',12,10.00000,'2026-04-23','Auto-distributed','2026-04-23 08:39:36',NULL),(1980,'STUD012',12,10.00000,'2026-04-23','Auto-distributed','2026-04-23 08:39:36',NULL),(1981,'STUD014',12,10.00000,'2026-04-23','Auto-distributed','2026-04-23 08:39:36',NULL),(1982,'STUD021',12,10.00000,'2026-04-23','Auto-distributed','2026-04-23 08:39:36',NULL),(1983,'STUD003',13,0.00333,'2026-04-23','Auto-distributed','2026-04-23 08:39:36',NULL),(1984,'STUD004',13,0.00333,'2026-04-23','Auto-distributed','2026-04-23 08:39:36',NULL),(1985,'STUD005',13,0.00333,'2026-04-23','Auto-distributed','2026-04-23 08:39:36',NULL),(1986,'STUD006',13,0.00333,'2026-04-23','Auto-distributed','2026-04-23 08:39:36',NULL),(1987,'STUD007',13,0.00333,'2026-04-23','Auto-distributed','2026-04-23 08:39:36',NULL),(1988,'STUD008',13,0.00333,'2026-04-23','Auto-distributed','2026-04-23 08:39:36',NULL),(1989,'STUD012',13,0.00333,'2026-04-23','Auto-distributed','2026-04-23 08:39:36',NULL),(1990,'STUD014',13,0.00333,'2026-04-23','Auto-distributed','2026-04-23 08:39:36',NULL),(1991,'STUD021',13,0.00333,'2026-04-23','Auto-distributed','2026-04-23 08:39:36',NULL),(1992,'STUD001',1,0.05490,'2026-04-22','Auto-distributed','2026-04-23 08:39:40',NULL),(1993,'STUD002',1,0.05490,'2026-04-22','Auto-distributed','2026-04-23 08:39:40',NULL),(1994,'STUD003',1,0.05490,'2026-04-22','Auto-distributed','2026-04-23 08:39:41',NULL),(1995,'STUD005',1,0.05490,'2026-04-22','Auto-distributed','2026-04-23 08:39:41',NULL),(1996,'STUD006',1,0.05490,'2026-04-22','Auto-distributed','2026-04-23 08:39:41',NULL),(1997,'STUD007',1,0.05490,'2026-04-22','Auto-distributed','2026-04-23 08:39:41',NULL),(1998,'STUD008',1,0.05490,'2026-04-22','Auto-distributed','2026-04-23 08:39:41',NULL),(1999,'STUD009',1,0.05490,'2026-04-22','Auto-distributed','2026-04-23 08:39:41',NULL),(2000,'STUD010',1,0.05490,'2026-04-22','Auto-distributed','2026-04-23 08:39:41',NULL),(2001,'STUD012',1,0.05490,'2026-04-22','Auto-distributed','2026-04-23 08:39:41',NULL),(2002,'STUD013',1,0.05490,'2026-04-22','Auto-distributed','2026-04-23 08:39:41',NULL),(2003,'STUD014',1,0.05490,'2026-04-22','Auto-distributed','2026-04-23 08:39:41',NULL),(2004,'STUD015',1,0.05490,'2026-04-22','Auto-distributed','2026-04-23 08:39:41',NULL),(2005,'STUD018',1,0.05490,'2026-04-22','Auto-distributed','2026-04-23 08:39:41',NULL),(2006,'STUD019',1,0.05490,'2026-04-22','Auto-distributed','2026-04-23 08:39:41',NULL),(2007,'STUD020',1,0.05490,'2026-04-22','Auto-distributed','2026-04-23 08:39:41',NULL),(2008,'STUD021',1,0.05490,'2026-04-22','Auto-distributed','2026-04-23 08:39:41',NULL),(2009,'STUD022',1,0.05490,'2026-04-22','Auto-distributed','2026-04-23 08:39:41',NULL),(2010,'STUD023',1,0.05490,'2026-04-22','Auto-distributed','2026-04-23 08:39:41',NULL),(2011,'STUD024',1,0.05490,'2026-04-22','Auto-distributed','2026-04-23 08:39:41',NULL),(2012,'STUD025',1,0.05490,'2026-04-22','Auto-distributed','2026-04-23 08:39:41',NULL),(2013,'STUD001',2,0.00360,'2026-04-22','Auto-distributed','2026-04-23 08:39:41',NULL),(2014,'STUD002',2,0.00360,'2026-04-22','Auto-distributed','2026-04-23 08:39:41',NULL),(2015,'STUD003',2,0.00360,'2026-04-22','Auto-distributed','2026-04-23 08:39:41',NULL),(2016,'STUD005',2,0.00360,'2026-04-22','Auto-distributed','2026-04-23 08:39:41',NULL),(2017,'STUD006',2,0.00360,'2026-04-22','Auto-distributed','2026-04-23 08:39:41',NULL),(2018,'STUD007',2,0.00360,'2026-04-22','Auto-distributed','2026-04-23 08:39:41',NULL),(2019,'STUD008',2,0.00360,'2026-04-22','Auto-distributed','2026-04-23 08:39:41',NULL),(2020,'STUD009',2,0.00360,'2026-04-22','Auto-distributed','2026-04-23 08:39:41',NULL),(2021,'STUD010',2,0.00360,'2026-04-22','Auto-distributed','2026-04-23 08:39:41',NULL),(2022,'STUD012',2,0.00360,'2026-04-22','Auto-distributed','2026-04-23 08:39:41',NULL),(2023,'STUD013',2,0.00360,'2026-04-22','Auto-distributed','2026-04-23 08:39:42',NULL),(2024,'STUD014',2,0.00360,'2026-04-22','Auto-distributed','2026-04-23 08:39:42',NULL),(2025,'STUD015',2,0.00360,'2026-04-22','Auto-distributed','2026-04-23 08:39:42',NULL),(2026,'STUD018',2,0.00360,'2026-04-22','Auto-distributed','2026-04-23 08:39:42',NULL),(2027,'STUD019',2,0.00360,'2026-04-22','Auto-distributed','2026-04-23 08:39:42',NULL),(2028,'STUD020',2,0.00360,'2026-04-22','Auto-distributed','2026-04-23 08:39:42',NULL),(2029,'STUD021',2,0.00360,'2026-04-22','Auto-distributed','2026-04-23 08:39:42',NULL),(2030,'STUD022',2,0.00360,'2026-04-22','Auto-distributed','2026-04-23 08:39:42',NULL),(2031,'STUD023',2,0.00360,'2026-04-22','Auto-distributed','2026-04-23 08:39:42',NULL),(2032,'STUD024',2,0.00360,'2026-04-22','Auto-distributed','2026-04-23 08:39:42',NULL),(2033,'STUD025',2,0.00360,'2026-04-22','Auto-distributed','2026-04-23 08:39:42',NULL),(2034,'STUD001',3,2.10000,'2026-04-22','Auto-distributed','2026-04-23 08:39:42',NULL),(2035,'STUD002',3,2.10000,'2026-04-22','Auto-distributed','2026-04-23 08:39:42',NULL),(2036,'STUD003',3,2.10000,'2026-04-22','Auto-distributed','2026-04-23 08:39:42',NULL),(2037,'STUD005',3,2.10000,'2026-04-22','Auto-distributed','2026-04-23 08:39:42',NULL),(2038,'STUD006',3,2.10000,'2026-04-22','Auto-distributed','2026-04-23 08:39:42',NULL),(2039,'STUD007',3,2.10000,'2026-04-22','Auto-distributed','2026-04-23 08:39:42',NULL),(2040,'STUD008',3,2.10000,'2026-04-22','Auto-distributed','2026-04-23 08:39:42',NULL),(2041,'STUD009',3,2.10000,'2026-04-22','Auto-distributed','2026-04-23 08:39:42',NULL),(2042,'STUD010',3,2.10000,'2026-04-22','Auto-distributed','2026-04-23 08:39:42',NULL),(2043,'STUD012',3,2.10000,'2026-04-22','Auto-distributed','2026-04-23 08:39:42',NULL),(2044,'STUD013',3,2.10000,'2026-04-22','Auto-distributed','2026-04-23 08:39:42',NULL),(2045,'STUD014',3,2.10000,'2026-04-22','Auto-distributed','2026-04-23 08:39:42',NULL),(2046,'STUD015',3,2.10000,'2026-04-22','Auto-distributed','2026-04-23 08:39:42',NULL),(2047,'STUD018',3,2.10000,'2026-04-22','Auto-distributed','2026-04-23 08:39:42',NULL),(2048,'STUD019',3,2.10000,'2026-04-22','Auto-distributed','2026-04-23 08:39:42',NULL),(2049,'STUD020',3,2.10000,'2026-04-22','Auto-distributed','2026-04-23 08:39:42',NULL),(2050,'STUD021',3,2.10000,'2026-04-22','Auto-distributed','2026-04-23 08:39:42',NULL),(2051,'STUD022',3,2.10000,'2026-04-22','Auto-distributed','2026-04-23 08:39:42',NULL),(2052,'STUD023',3,2.10000,'2026-04-22','Auto-distributed','2026-04-23 08:39:43',NULL),(2053,'STUD024',3,2.10000,'2026-04-22','Auto-distributed','2026-04-23 08:39:43',NULL),(2054,'STUD025',3,2.10000,'2026-04-22','Auto-distributed','2026-04-23 08:39:43',NULL),(2055,'STUD001',4,0.00230,'2026-04-22','Auto-distributed','2026-04-23 08:39:43',NULL),(2056,'STUD002',4,0.00230,'2026-04-22','Auto-distributed','2026-04-23 08:39:43',NULL),(2057,'STUD003',4,0.00230,'2026-04-22','Auto-distributed','2026-04-23 08:39:43',NULL),(2058,'STUD005',4,0.00230,'2026-04-22','Auto-distributed','2026-04-23 08:39:43',NULL),(2059,'STUD006',4,0.00230,'2026-04-22','Auto-distributed','2026-04-23 08:39:43',NULL),(2060,'STUD007',4,0.00230,'2026-04-22','Auto-distributed','2026-04-23 08:39:43',NULL),(2061,'STUD008',4,0.00230,'2026-04-22','Auto-distributed','2026-04-23 08:39:43',NULL),(2062,'STUD009',4,0.00230,'2026-04-22','Auto-distributed','2026-04-23 08:39:43',NULL),(2063,'STUD010',4,0.00230,'2026-04-22','Auto-distributed','2026-04-23 08:39:43',NULL),(2064,'STUD012',4,0.00230,'2026-04-22','Auto-distributed','2026-04-23 08:39:43',NULL),(2065,'STUD013',4,0.00230,'2026-04-22','Auto-distributed','2026-04-23 08:39:43',NULL),(2066,'STUD014',4,0.00230,'2026-04-22','Auto-distributed','2026-04-23 08:39:43',NULL),(2067,'STUD015',4,0.00230,'2026-04-22','Auto-distributed','2026-04-23 08:39:43',NULL),(2068,'STUD018',4,0.00230,'2026-04-22','Auto-distributed','2026-04-23 08:39:43',NULL),(2069,'STUD019',4,0.00230,'2026-04-22','Auto-distributed','2026-04-23 08:39:43',NULL),(2070,'STUD020',4,0.00230,'2026-04-22','Auto-distributed','2026-04-23 08:39:43',NULL),(2071,'STUD021',4,0.00230,'2026-04-22','Auto-distributed','2026-04-23 08:39:43',NULL),(2072,'STUD022',4,0.00230,'2026-04-22','Auto-distributed','2026-04-23 08:39:43',NULL),(2073,'STUD023',4,0.00230,'2026-04-22','Auto-distributed','2026-04-23 08:39:43',NULL),(2074,'STUD024',4,0.00230,'2026-04-22','Auto-distributed','2026-04-23 08:39:43',NULL),(2075,'STUD025',4,0.00230,'2026-04-22','Auto-distributed','2026-04-23 08:39:43',NULL),(2076,'STUD001',5,0.00400,'2026-04-22','Auto-distributed','2026-04-23 08:39:43',NULL),(2077,'STUD002',5,0.00400,'2026-04-22','Auto-distributed','2026-04-23 08:39:43',NULL),(2078,'STUD003',5,0.00400,'2026-04-22','Auto-distributed','2026-04-23 08:39:43',NULL),(2079,'STUD005',5,0.00400,'2026-04-22','Auto-distributed','2026-04-23 08:39:43',NULL),(2080,'STUD006',5,0.00400,'2026-04-22','Auto-distributed','2026-04-23 08:39:43',NULL),(2081,'STUD007',5,0.00400,'2026-04-22','Auto-distributed','2026-04-23 08:39:43',NULL),(2082,'STUD008',5,0.00400,'2026-04-22','Auto-distributed','2026-04-23 08:39:44',NULL),(2083,'STUD009',5,0.00400,'2026-04-22','Auto-distributed','2026-04-23 08:39:44',NULL),(2084,'STUD010',5,0.00400,'2026-04-22','Auto-distributed','2026-04-23 08:39:44',NULL),(2085,'STUD012',5,0.00400,'2026-04-22','Auto-distributed','2026-04-23 08:39:44',NULL),(2086,'STUD013',5,0.00400,'2026-04-22','Auto-distributed','2026-04-23 08:39:44',NULL),(2087,'STUD014',5,0.00400,'2026-04-22','Auto-distributed','2026-04-23 08:39:44',NULL),(2088,'STUD015',5,0.00400,'2026-04-22','Auto-distributed','2026-04-23 08:39:44',NULL),(2089,'STUD018',5,0.00400,'2026-04-22','Auto-distributed','2026-04-23 08:39:44',NULL),(2090,'STUD019',5,0.00400,'2026-04-22','Auto-distributed','2026-04-23 08:39:44',NULL),(2091,'STUD020',5,0.00400,'2026-04-22','Auto-distributed','2026-04-23 08:39:44',NULL),(2092,'STUD021',5,0.00400,'2026-04-22','Auto-distributed','2026-04-23 08:39:44',NULL),(2093,'STUD022',5,0.00400,'2026-04-22','Auto-distributed','2026-04-23 08:39:44',NULL),(2094,'STUD023',5,0.00400,'2026-04-22','Auto-distributed','2026-04-23 08:39:44',NULL),(2095,'STUD024',5,0.00400,'2026-04-22','Auto-distributed','2026-04-23 08:39:44',NULL),(2096,'STUD025',5,0.00400,'2026-04-22','Auto-distributed','2026-04-23 08:39:44',NULL),(2097,'STUD001',6,2.80000,'2026-04-22','Auto-distributed','2026-04-23 08:39:44',NULL),(2098,'STUD002',6,2.80000,'2026-04-22','Auto-distributed','2026-04-23 08:39:44',NULL),(2099,'STUD003',6,2.80000,'2026-04-22','Auto-distributed','2026-04-23 08:39:44',NULL),(2100,'STUD005',6,2.80000,'2026-04-22','Auto-distributed','2026-04-23 08:39:44',NULL),(2101,'STUD006',6,2.80000,'2026-04-22','Auto-distributed','2026-04-23 08:39:44',NULL),(2102,'STUD007',6,2.80000,'2026-04-22','Auto-distributed','2026-04-23 08:39:44',NULL),(2103,'STUD008',6,2.80000,'2026-04-22','Auto-distributed','2026-04-23 08:39:44',NULL),(2104,'STUD009',6,2.80000,'2026-04-22','Auto-distributed','2026-04-23 08:39:44',NULL),(2105,'STUD010',6,2.80000,'2026-04-22','Auto-distributed','2026-04-23 08:39:44',NULL),(2106,'STUD012',6,2.80000,'2026-04-22','Auto-distributed','2026-04-23 08:39:44',NULL),(2107,'STUD013',6,2.80000,'2026-04-22','Auto-distributed','2026-04-23 08:39:44',NULL),(2108,'STUD014',6,2.80000,'2026-04-22','Auto-distributed','2026-04-23 08:39:44',NULL),(2109,'STUD015',6,2.80000,'2026-04-22','Auto-distributed','2026-04-23 08:39:44',NULL),(2110,'STUD018',6,2.80000,'2026-04-22','Auto-distributed','2026-04-23 08:39:44',NULL),(2111,'STUD019',6,2.80000,'2026-04-22','Auto-distributed','2026-04-23 08:39:44',NULL),(2112,'STUD020',6,2.80000,'2026-04-22','Auto-distributed','2026-04-23 08:39:44',NULL),(2113,'STUD021',6,2.80000,'2026-04-22','Auto-distributed','2026-04-23 08:39:45',NULL),(2114,'STUD022',6,2.80000,'2026-04-22','Auto-distributed','2026-04-23 08:39:45',NULL),(2115,'STUD023',6,2.80000,'2026-04-22','Auto-distributed','2026-04-23 08:39:45',NULL),(2116,'STUD024',6,2.80000,'2026-04-22','Auto-distributed','2026-04-23 08:39:45',NULL),(2117,'STUD025',6,2.80000,'2026-04-22','Auto-distributed','2026-04-23 08:39:45',NULL),(2118,'STUD001',8,0.00157,'2026-04-22','Auto-distributed','2026-04-23 08:39:45',NULL),(2119,'STUD002',8,0.00157,'2026-04-22','Auto-distributed','2026-04-23 08:39:45',NULL),(2120,'STUD003',8,0.00157,'2026-04-22','Auto-distributed','2026-04-23 08:39:45',NULL),(2121,'STUD005',8,0.00157,'2026-04-22','Auto-distributed','2026-04-23 08:39:45',NULL),(2122,'STUD006',8,0.00157,'2026-04-22','Auto-distributed','2026-04-23 08:39:45',NULL),(2123,'STUD007',8,0.00157,'2026-04-22','Auto-distributed','2026-04-23 08:39:45',NULL),(2124,'STUD008',8,0.00157,'2026-04-22','Auto-distributed','2026-04-23 08:39:45',NULL),(2125,'STUD009',8,0.00157,'2026-04-22','Auto-distributed','2026-04-23 08:39:45',NULL),(2126,'STUD010',8,0.00157,'2026-04-22','Auto-distributed','2026-04-23 08:39:45',NULL),(2127,'STUD012',8,0.00157,'2026-04-22','Auto-distributed','2026-04-23 08:39:45',NULL),(2128,'STUD013',8,0.00157,'2026-04-22','Auto-distributed','2026-04-23 08:39:45',NULL),(2129,'STUD014',8,0.00157,'2026-04-22','Auto-distributed','2026-04-23 08:39:45',NULL),(2130,'STUD015',8,0.00157,'2026-04-22','Auto-distributed','2026-04-23 08:39:45',NULL),(2131,'STUD018',8,0.00157,'2026-04-22','Auto-distributed','2026-04-23 08:39:45',NULL),(2132,'STUD019',8,0.00157,'2026-04-22','Auto-distributed','2026-04-23 08:39:45',NULL),(2133,'STUD020',8,0.00157,'2026-04-22','Auto-distributed','2026-04-23 08:39:45',NULL),(2134,'STUD021',8,0.00157,'2026-04-22','Auto-distributed','2026-04-23 08:39:45',NULL),(2135,'STUD022',8,0.00157,'2026-04-22','Auto-distributed','2026-04-23 08:39:45',NULL),(2136,'STUD023',8,0.00157,'2026-04-22','Auto-distributed','2026-04-23 08:39:45',NULL),(2137,'STUD024',8,0.00157,'2026-04-22','Auto-distributed','2026-04-23 08:39:45',NULL),(2138,'STUD025',8,0.00157,'2026-04-22','Auto-distributed','2026-04-23 08:39:46',NULL),(2139,'STUD001',9,0.00293,'2026-04-22','Auto-distributed','2026-04-23 08:39:46',NULL),(2140,'STUD002',9,0.00293,'2026-04-22','Auto-distributed','2026-04-23 08:39:46',NULL),(2141,'STUD003',9,0.00293,'2026-04-22','Auto-distributed','2026-04-23 08:39:46',NULL),(2142,'STUD005',9,0.00293,'2026-04-22','Auto-distributed','2026-04-23 08:39:46',NULL),(2143,'STUD006',9,0.00293,'2026-04-22','Auto-distributed','2026-04-23 08:39:46',NULL),(2144,'STUD007',9,0.00293,'2026-04-22','Auto-distributed','2026-04-23 08:39:46',NULL),(2145,'STUD008',9,0.00293,'2026-04-22','Auto-distributed','2026-04-23 08:39:46',NULL),(2146,'STUD009',9,0.00293,'2026-04-22','Auto-distributed','2026-04-23 08:39:46',NULL),(2147,'STUD010',9,0.00293,'2026-04-22','Auto-distributed','2026-04-23 08:39:46',NULL),(2148,'STUD012',9,0.00293,'2026-04-22','Auto-distributed','2026-04-23 08:39:46',NULL),(2149,'STUD013',9,0.00293,'2026-04-22','Auto-distributed','2026-04-23 08:39:46',NULL),(2150,'STUD014',9,0.00293,'2026-04-22','Auto-distributed','2026-04-23 08:39:46',NULL),(2151,'STUD015',9,0.00293,'2026-04-22','Auto-distributed','2026-04-23 08:39:46',NULL),(2152,'STUD018',9,0.00293,'2026-04-22','Auto-distributed','2026-04-23 08:39:46',NULL),(2153,'STUD019',9,0.00293,'2026-04-22','Auto-distributed','2026-04-23 08:39:46',NULL),(2154,'STUD020',9,0.00293,'2026-04-22','Auto-distributed','2026-04-23 08:39:46',NULL),(2155,'STUD021',9,0.00293,'2026-04-22','Auto-distributed','2026-04-23 08:39:46',NULL),(2156,'STUD022',9,0.00293,'2026-04-22','Auto-distributed','2026-04-23 08:39:46',NULL),(2157,'STUD023',9,0.00293,'2026-04-22','Auto-distributed','2026-04-23 08:39:46',NULL),(2158,'STUD024',9,0.00293,'2026-04-22','Auto-distributed','2026-04-23 08:39:46',NULL),(2159,'STUD025',9,0.00293,'2026-04-22','Auto-distributed','2026-04-23 08:39:46',NULL),(2160,'STUD001',12,10.00000,'2026-04-22','Auto-distributed','2026-04-23 08:39:46',NULL),(2161,'STUD002',12,10.00000,'2026-04-22','Auto-distributed','2026-04-23 08:39:46',NULL),(2162,'STUD003',12,10.00000,'2026-04-22','Auto-distributed','2026-04-23 08:39:47',NULL),(2163,'STUD005',12,10.00000,'2026-04-22','Auto-distributed','2026-04-23 08:39:47',NULL),(2164,'STUD006',12,10.00000,'2026-04-22','Auto-distributed','2026-04-23 08:39:47',NULL),(2165,'STUD007',12,10.00000,'2026-04-22','Auto-distributed','2026-04-23 08:39:47',NULL),(2166,'STUD008',12,10.00000,'2026-04-22','Auto-distributed','2026-04-23 08:39:47',NULL),(2167,'STUD009',12,10.00000,'2026-04-22','Auto-distributed','2026-04-23 08:39:47',NULL),(2168,'STUD010',12,10.00000,'2026-04-22','Auto-distributed','2026-04-23 08:39:47',NULL),(2169,'STUD012',12,10.00000,'2026-04-22','Auto-distributed','2026-04-23 08:39:47',NULL),(2170,'STUD013',12,10.00000,'2026-04-22','Auto-distributed','2026-04-23 08:39:47',NULL),(2171,'STUD014',12,10.00000,'2026-04-22','Auto-distributed','2026-04-23 08:39:47',NULL),(2172,'STUD015',12,10.00000,'2026-04-22','Auto-distributed','2026-04-23 08:39:47',NULL),(2173,'STUD018',12,10.00000,'2026-04-22','Auto-distributed','2026-04-23 08:39:47',NULL),(2174,'STUD019',12,10.00000,'2026-04-22','Auto-distributed','2026-04-23 08:39:47',NULL),(2175,'STUD020',12,10.00000,'2026-04-22','Auto-distributed','2026-04-23 08:39:47',NULL),(2176,'STUD021',12,10.00000,'2026-04-22','Auto-distributed','2026-04-23 08:39:47',NULL),(2177,'STUD022',12,10.00000,'2026-04-22','Auto-distributed','2026-04-23 08:39:47',NULL),(2178,'STUD023',12,10.00000,'2026-04-22','Auto-distributed','2026-04-23 08:39:47',NULL),(2179,'STUD024',12,10.00000,'2026-04-22','Auto-distributed','2026-04-23 08:39:47',NULL),(2180,'STUD025',12,10.00000,'2026-04-22','Auto-distributed','2026-04-23 08:39:47',NULL),(2181,'STUD001',13,0.00333,'2026-04-22','Auto-distributed','2026-04-23 08:39:47',NULL),(2182,'STUD002',13,0.00333,'2026-04-22','Auto-distributed','2026-04-23 08:39:47',NULL),(2183,'STUD003',13,0.00333,'2026-04-22','Auto-distributed','2026-04-23 08:39:48',NULL),(2184,'STUD005',13,0.00333,'2026-04-22','Auto-distributed','2026-04-23 08:39:48',NULL),(2185,'STUD006',13,0.00333,'2026-04-22','Auto-distributed','2026-04-23 08:39:48',NULL),(2186,'STUD007',13,0.00333,'2026-04-22','Auto-distributed','2026-04-23 08:39:48',NULL),(2187,'STUD008',13,0.00333,'2026-04-22','Auto-distributed','2026-04-23 08:39:48',NULL),(2188,'STUD009',13,0.00333,'2026-04-22','Auto-distributed','2026-04-23 08:39:48',NULL),(2189,'STUD010',13,0.00333,'2026-04-22','Auto-distributed','2026-04-23 08:39:48',NULL),(2190,'STUD012',13,0.00333,'2026-04-22','Auto-distributed','2026-04-23 08:39:48',NULL),(2191,'STUD013',13,0.00333,'2026-04-22','Auto-distributed','2026-04-23 08:39:48',NULL),(2192,'STUD014',13,0.00333,'2026-04-22','Auto-distributed','2026-04-23 08:39:48',NULL),(2193,'STUD015',13,0.00333,'2026-04-22','Auto-distributed','2026-04-23 08:39:48',NULL),(2194,'STUD018',13,0.00333,'2026-04-22','Auto-distributed','2026-04-23 08:39:48',NULL),(2195,'STUD019',13,0.00333,'2026-04-22','Auto-distributed','2026-04-23 08:39:48',NULL),(2196,'STUD020',13,0.00333,'2026-04-22','Auto-distributed','2026-04-23 08:39:48',NULL),(2197,'STUD021',13,0.00333,'2026-04-22','Auto-distributed','2026-04-23 08:39:48',NULL),(2198,'STUD022',13,0.00333,'2026-04-22','Auto-distributed','2026-04-23 08:39:48',NULL),(2199,'STUD023',13,0.00333,'2026-04-22','Auto-distributed','2026-04-23 08:39:48',NULL),(2200,'STUD024',13,0.00333,'2026-04-22','Auto-distributed','2026-04-23 08:39:49',NULL),(2201,'STUD025',13,0.00333,'2026-04-22','Auto-distributed','2026-04-23 08:39:49',NULL);
/*!40000 ALTER TABLE `ration_distribution_students` ENABLE KEYS */;
UNLOCK TABLES;

--
-- Table structure for table `ration_inventory`
--

DROP TABLE IF EXISTS `ration_inventory`;
/*!40101 SET @saved_cs_client     = @@character_set_client */;
/*!50503 SET character_set_client = utf8mb4 */;
CREATE TABLE `ration_inventory` (
  `item_id` int NOT NULL,
  `total_stock` decimal(10,5) DEFAULT '0.00000',
  `last_updated` timestamp NULL DEFAULT CURRENT_TIMESTAMP ON UPDATE CURRENT_TIMESTAMP,
  `owner_id` bigint DEFAULT NULL,
  PRIMARY KEY (`item_id`),
  CONSTRAINT `ration_inventory_ibfk_1` FOREIGN KEY (`item_id`) REFERENCES `ration_items` (`id`)
) ENGINE=InnoDB DEFAULT CHARSET=utf8mb4 COLLATE=utf8mb4_0900_ai_ci;
/*!40101 SET character_set_client = @saved_cs_client */;

--
-- Dumping data for table `ration_inventory`
--

LOCK TABLES `ration_inventory` WRITE;
/*!40000 ALTER TABLE `ration_inventory` DISABLE KEYS */;
INSERT INTO `ration_inventory` VALUES (1,132.18980,'2026-04-29 18:05:30',NULL),(2,93.37720,'2026-04-29 18:05:55',NULL),(3,304.20000,'2026-04-23 08:45:06',NULL),(4,59.50460,'2026-04-23 08:39:43',NULL),(5,18.97800,'2026-04-23 08:39:44',NULL),(6,725.50000,'2026-04-23 08:39:45',NULL),(7,0.60000,'2026-04-19 13:34:09',NULL),(8,14.68614,'2026-04-23 08:39:46',NULL),(9,29.24286,'2026-04-23 08:39:46',NULL),(10,100.00000,'2026-04-19 13:33:43',NULL),(11,180.00000,'2026-04-19 13:34:14',NULL),(12,3970.00000,'2026-04-23 08:39:47',NULL),(13,19.40366,'2026-04-23 08:39:49',NULL);
/*!40000 ALTER TABLE `ration_inventory` ENABLE KEYS */;
UNLOCK TABLES;

--
-- Table structure for table `ration_items`
--

DROP TABLE IF EXISTS `ration_items`;
/*!40101 SET @saved_cs_client     = @@character_set_client */;
/*!50503 SET character_set_client = utf8mb4 */;
CREATE TABLE `ration_items` (
  `id` int NOT NULL AUTO_INCREMENT,
  `item_name` varchar(128) NOT NULL,
  `unit` varchar(10) DEFAULT 'kg',
  `created_at` timestamp NULL DEFAULT CURRENT_TIMESTAMP,
  PRIMARY KEY (`id`),
  UNIQUE KEY `item_name` (`item_name`)
) ENGINE=InnoDB AUTO_INCREMENT=14 DEFAULT CHARSET=utf8mb4 COLLATE=utf8mb4_0900_ai_ci;
/*!40101 SET character_set_client = @saved_cs_client */;

--
-- Dumping data for table `ration_items`
--

LOCK TABLES `ration_items` WRITE;
/*!40000 ALTER TABLE `ration_items` DISABLE KEYS */;
INSERT INTO `ration_items` VALUES (1,'Rice','kg','2026-04-19 12:51:42'),(2,'Toor Dal (Pigeon Pea)','kg','2026-04-19 12:51:42'),(3,'Salt','g','2026-04-19 12:51:42'),(4,'Oil','L','2026-04-19 12:51:42'),(5,'Soya Chunks','kg','2026-04-19 12:51:42'),(6,'Sambar Powder','g','2026-04-19 12:51:42'),(7,'Mustard & Black Pepper','g','2026-04-19 12:51:42'),(8,'Bengal Gram (Chana Dal)','kg','2026-04-19 12:51:42'),(9,'Jaggery','kg','2026-04-19 12:51:42'),(10,'Millet Laddu','pcs','2026-04-19 12:51:42'),(11,'Eggs','pcs','2026-04-19 12:51:42'),(12,'Milk Powder','g','2026-04-19 12:51:42'),(13,'Sugar','kg','2026-04-19 12:51:42');
/*!40000 ALTER TABLE `ration_items` ENABLE KEYS */;
UNLOCK TABLES;

--
-- Table structure for table `ration_stock_in`
--

DROP TABLE IF EXISTS `ration_stock_in`;
/*!40101 SET @saved_cs_client     = @@character_set_client */;
/*!50503 SET character_set_client = utf8mb4 */;
CREATE TABLE `ration_stock_in` (
  `id` bigint NOT NULL AUTO_INCREMENT,
  `item_id` int NOT NULL,
  `quantity` decimal(10,5) NOT NULL,
  `received_date` date NOT NULL,
  `supplier` varchar(255) DEFAULT NULL,
  `created_at` timestamp NULL DEFAULT CURRENT_TIMESTAMP,
  `owner_id` bigint DEFAULT NULL,
  PRIMARY KEY (`id`),
  KEY `item_id` (`item_id`),
  CONSTRAINT `ration_stock_in_ibfk_1` FOREIGN KEY (`item_id`) REFERENCES `ration_items` (`id`)
) ENGINE=InnoDB AUTO_INCREMENT=18 DEFAULT CHARSET=utf8mb4 COLLATE=utf8mb4_0900_ai_ci;
/*!40101 SET character_set_client = @saved_cs_client */;

--
-- Dumping data for table `ration_stock_in`
--

LOCK TABLES `ration_stock_in` WRITE;
/*!40000 ALTER TABLE `ration_stock_in` DISABLE KEYS */;
INSERT INTO `ration_stock_in` VALUES (1,1,50.00000,'2026-04-19','govt hub','2026-04-19 12:55:35',NULL),(2,2,50.00000,'2026-04-19','govt hub','2026-04-19 12:55:47',NULL),(3,3,500.00000,'2026-04-19','govt hub','2026-04-19 12:55:58',NULL),(4,4,60.00000,'2026-04-19','govt hub','2026-04-19 12:56:17',NULL),(5,5,19.80000,'2026-04-19','govt hub','2026-04-19 12:56:27',NULL),(6,6,999.90000,'2026-04-19','govt hub','2026-04-19 12:56:45',NULL),(7,7,15.00000,'2026-04-19','govt hub','2026-04-19 12:57:02',NULL),(8,8,15.00000,'2026-04-19','govt hub','2026-04-19 12:57:18',NULL),(9,9,29.80000,'2026-04-19','govt hub','2026-04-19 12:57:28',NULL),(10,10,100.00000,'2026-04-19','govt hub','2026-04-19 12:57:33',NULL),(11,11,200.00000,'2026-04-19','govt hub','2026-04-19 12:57:39',NULL),(12,12,5000.00000,'2026-04-19','govt hub','2026-04-19 12:57:57',NULL),(13,13,20.00000,'2026-04-19','govt hub','2026-04-19 12:58:04',NULL),(14,1,40.00000,'2026-04-23','govt hub','2026-04-23 08:44:45',NULL),(15,3,10.00000,'2026-04-24','govt hub','2026-04-23 08:45:06',NULL),(16,1,49.90000,'2026-04-29','govt hub','2026-04-29 18:05:30',NULL),(17,2,44.00000,'2026-04-29','govt hub','2026-04-29 18:05:55',NULL);
/*!40000 ALTER TABLE `ration_stock_in` ENABLE KEYS */;
UNLOCK TABLES;

--
-- Table structure for table `ration_stocks`
--

DROP TABLE IF EXISTS `ration_stocks`;
/*!40101 SET @saved_cs_client     = @@character_set_client */;
/*!50503 SET character_set_client = utf8mb4 */;
CREATE TABLE `ration_stocks` (
  `id` bigint NOT NULL AUTO_INCREMENT,
  `entry_code` varchar(64) DEFAULT NULL,
  `ration_stock_id` varchar(64) NOT NULL,
  `item` varchar(128) NOT NULL,
  `pw_count` decimal(8,2) NOT NULL,
  `student_count` decimal(8,2) NOT NULL,
  `stock_level` varchar(32) NOT NULL,
  `created_at` timestamp NULL DEFAULT CURRENT_TIMESTAMP,
  `owner_id` bigint DEFAULT NULL,
  PRIMARY KEY (`id`),
  UNIQUE KEY `ration_stock_id` (`ration_stock_id`),
  UNIQUE KEY `entry_code` (`entry_code`)
) ENGINE=InnoDB DEFAULT CHARSET=utf8mb4 COLLATE=utf8mb4_0900_ai_ci;
/*!40101 SET character_set_client = @saved_cs_client */;

--
-- Dumping data for table `ration_stocks`
--

LOCK TABLES `ration_stocks` WRITE;
/*!40000 ALTER TABLE `ration_stocks` DISABLE KEYS */;
/*!40000 ALTER TABLE `ration_stocks` ENABLE KEYS */;
UNLOCK TABLES;

--
-- Table structure for table `students`
--

DROP TABLE IF EXISTS `students`;
/*!40101 SET @saved_cs_client     = @@character_set_client */;
/*!50503 SET character_set_client = utf8mb4 */;
CREATE TABLE `students` (
  `id` bigint NOT NULL AUTO_INCREMENT,
  `student_id` varchar(64) NOT NULL,
  `name` varchar(255) NOT NULL,
  `parent_name` varchar(255) NOT NULL DEFAULT '',
  `dob` date NOT NULL,
  `gender` varchar(32) NOT NULL,
  `aadhaar` char(12) NOT NULL DEFAULT '',
  `address` text,
  `created_at` timestamp NULL DEFAULT CURRENT_TIMESTAMP,
  `owner_id` bigint DEFAULT NULL,
  PRIMARY KEY (`id`),
  UNIQUE KEY `student_id` (`student_id`)
) ENGINE=InnoDB AUTO_INCREMENT=33 DEFAULT CHARSET=utf8mb4 COLLATE=utf8mb4_0900_ai_ci;
/*!40101 SET character_set_client = @saved_cs_client */;

--
-- Dumping data for table `students`
--

LOCK TABLES `students` WRITE;
/*!40000 ALTER TABLE `students` DISABLE KEYS */;
INSERT INTO `students` VALUES (3,'STUD001','Rahul Sharma','Manoj Sharma','2025-01-08','Male','454524546546','B.K.HALLI','2026-04-19 11:13:23',NULL),(4,'STUD002','Ananya Reddy','Bhavani Reddy','2023-02-16','Female','154215644234','dharwad,vidyagiri','2026-04-19 11:17:12',NULL),(5,'STUD003','Arjun Patel','Raja Patel','2023-03-16','Male','346547868453','Dharwad,vidyagiri','2026-04-19 11:18:19',NULL),(6,'STUD004','Sneha Iyer','Shreyas Iyer','2023-07-14','Female','321546547777','Dharwad, vidyagiri','2026-04-19 11:19:21',NULL),(8,'STUD005','Sanket Hosure','Laxman Hosure','2023-07-14','Male','215641236598','Dharwad, Vidyagiri','2026-04-22 13:38:05',NULL),(9,'STUD006','Krishna Desai','Ishaan Desai','2024-04-27','Male','736245603297','House 155, Sector 29, City','2026-04-22 13:57:07',NULL),(10,'STUD007','Aarav Desai','Vihaan Desai','2022-03-04','Male','687490380170','House 932, Sector 18, City','2026-04-22 13:57:07',NULL),(11,'STUD008','Sai Joshi','Arjun Joshi','2022-09-04','Male','048905522525','House 112, Sector 33, City','2026-04-22 13:57:07',NULL),(12,'STUD009','Shaurya Patel','Ishaan Patel','2025-01-10','Male','764091744583','House 181, Sector 14, City','2026-04-22 13:57:07',NULL),(13,'STUD010','Krishna Reddy','Ayaan Reddy','2024-02-15','Male','143368887970','House 294, Sector 22, City','2026-04-22 13:57:07',NULL),(14,'STUD011','Ayaan Joshi','Sai Joshi','2020-10-24','Male','376492623901','House 862, Sector 14, City','2026-04-22 13:57:07',NULL),(15,'STUD012','Ayaan Reddy','Ayaan Reddy','2022-10-28','Male','717226408220','House 171, Sector 18, City','2026-04-22 13:57:07',NULL),(16,'STUD013','Vihaan Verma','Reyansh Verma','2022-07-04','Male','357023753712','House 623, Sector 14, City','2026-04-22 13:57:07',NULL),(17,'STUD014','Arjun Kumar','Vihaan Kumar','2021-09-30','Male','002779086193','House 480, Sector 19, City','2026-04-22 13:57:07',NULL),(18,'STUD015','Reyansh Desai','Ishaan Desai','2021-10-06','Male','406335844597','House 284, Sector 49, City','2026-04-22 13:57:07',NULL),(19,'STUD016','Ananya Desai','Sai Desai','2025-02-01','Female','054458933055','House 664, Sector 42, City','2026-04-22 13:57:07',NULL),(20,'STUD017','Avni Verma','Aditya Verma','2022-09-25','Female','051041439458','House 927, Sector 45, City','2026-04-22 13:57:07',NULL),(21,'STUD018','Avni Kumar','Aarav Kumar','2023-10-19','Female','711306050066','House 75, Sector 35, City','2026-04-22 13:57:07',NULL),(22,'STUD019','Pari Patel','Sai Patel','2020-11-16','Female','882440710438','House 88, Sector 2, City','2026-04-22 13:57:07',NULL),(23,'STUD020','Prisha Sharma','Aditya Sharma','2022-09-09','Female','575001924653','House 350, Sector 44, City','2026-04-22 13:57:07',NULL),(24,'STUD021','Prisha Desai','Aarav Desai','2025-12-19','Female','844083017933','House 175, Sector 25, City','2026-04-22 13:57:07',NULL),(25,'STUD022','Ananya Singh','Shaurya Singh','2021-05-27','Female','728196571796','House 574, Sector 27, City','2026-04-22 13:57:07',NULL),(26,'STUD023','Navya Rao','Sai Rao','2020-09-27','Female','768777031356','House 323, Sector 7, City','2026-04-22 13:57:07',NULL),(27,'STUD024','Diya Singh','Ishaan Singh','2023-01-26','Female','016079665729','House 873, Sector 32, City','2026-04-22 13:57:07',NULL),(28,'STUD025','Kavya Rao','Aditya Rao','2022-05-20','Female','732768362465','House 20, Sector 17, City','2026-04-22 13:57:07',NULL),(29,'STUD0001','bhuvan','abc','2021-01-01','Male','987654321341','jss college dharwad karnataka india','2026-04-23 08:28:31',NULL),(31,'STUD999','Unique Student','Unique Parent','2021-01-01','Male','111122223333','456 Unique St','2026-05-01 05:48:04',3),(32,'STUD1110','Rukesh Kolekar','Mohan Kolekar','2024-06-12','Male','715264238514','Haliayl, Kille','2026-05-03 13:55:07',4);
/*!40000 ALTER TABLE `students` ENABLE KEYS */;
UNLOCK TABLES;

--
-- Table structure for table `users`
--

DROP TABLE IF EXISTS `users`;
/*!40101 SET @saved_cs_client     = @@character_set_client */;
/*!50503 SET character_set_client = utf8mb4 */;
CREATE TABLE `users` (
  `id` bigint NOT NULL AUTO_INCREMENT,
  `username` varchar(128) NOT NULL,
  `password` varchar(255) NOT NULL,
  `sq_color` varchar(128) NOT NULL DEFAULT '',
  `sq_nickname` varchar(128) NOT NULL DEFAULT '',
  `sq_teacher` varchar(128) NOT NULL DEFAULT '',
  `created_at` timestamp NULL DEFAULT CURRENT_TIMESTAMP,
  PRIMARY KEY (`id`),
  UNIQUE KEY `username` (`username`)
) ENGINE=InnoDB AUTO_INCREMENT=6 DEFAULT CHARSET=utf8mb4 COLLATE=utf8mb4_0900_ai_ci;
/*!40101 SET character_set_client = @saved_cs_client */;

--
-- Dumping data for table `users`
--

LOCK TABLES `users` WRITE;
/*!40000 ALTER TABLE `users` DISABLE KEYS */;
INSERT INTO `users` VALUES (1,'reshma','Reshma@90','blue','renu','me','2026-05-01 04:19:07'),(2,'demouser','$2b$12$nASkmWl5FXq9K7/x3exk6.POQ/reutLbCpVLiXiWDdeKIXs/U4xKu','blue','demo','sharma','2026-05-01 04:47:37'),(3,'testuser123','$2b$12$omIHldu9ngasZ5c8zYAHiuNjm4Wd6xcxL5C.zBSgtPNOafuAqgU.i','blue','test','none','2026-05-01 05:42:10'),(4,'rukesh','$2b$12$mk9MX4tKdAqITDfaaLiXpesM.NyJuZ3TYlXkwVzL.DYIH7zmQkA7i','blue','rk','me','2026-05-02 02:02:49'),(5,'sushma12','$2b$12$fwHRn2qXX/M0lFyMs9K69epxUkhkD7U6Txd19cf8bQm/qFzxfKEs2','blue','sushma','me','2026-05-03 14:40:22');
/*!40000 ALTER TABLE `users` ENABLE KEYS */;
UNLOCK TABLES;

--
-- Dumping routines for database 'ap_db'
--
/*!40103 SET TIME_ZONE=@OLD_TIME_ZONE */;

/*!40101 SET SQL_MODE=@OLD_SQL_MODE */;
/*!40014 SET FOREIGN_KEY_CHECKS=@OLD_FOREIGN_KEY_CHECKS */;
/*!40014 SET UNIQUE_CHECKS=@OLD_UNIQUE_CHECKS */;
/*!40101 SET CHARACTER_SET_CLIENT=@OLD_CHARACTER_SET_CLIENT */;
/*!40101 SET CHARACTER_SET_RESULTS=@OLD_CHARACTER_SET_RESULTS */;
/*!40101 SET COLLATION_CONNECTION=@OLD_COLLATION_CONNECTION */;
/*!40111 SET SQL_NOTES=@OLD_SQL_NOTES */;

-- Dump completed on 2026-05-05 12:46:48
